Gene,adj.P.Val_ANOVA,Max_Delta_Log2,logFC,adj.P.Val
OBSL1,4.4303758667508427e-60,2.2977166529951667,2.108588754646462,3.318089737430459e-9
ITGAV,1.086180104666643e-58,2.578871707629464,-2.578871707629464,1.1442482549123994e-7
PROM1,1.8493659525673125e-62,1.845002415725716,1.5888513682290224,1.5481506275767226e-7
SEPTIN8,9.811730407267266e-59,4.250047260536565,-2.5303895172802235,4.0621416799700353e-7
PEPD,4.199172844068271e-64,1.645214192790469,-1.645214192790469,9.456429714573043e-7
SNX27,7.628657754583819e-64,1.670311840234529,-1.5811623257166438,1.0962928989374953e-6
RHOG,1.442731622403405e-63,2.305473196190384,-1.6203974207063006,1.1561079944407318e-6
CAMK2D,3.809326037861423e-58,2.6582534230319688,-2.330622938007128,2.0432130207867344e-6
PIK3R1,8.024470775799479e-62,1.5311080249829274,-1.4531361191191294,1.101312917936331e-5
RAB21,3.5646823006139124e-66,1.218224167094089,-1.218224167094089,1.101312917936331e-5
LRP1,1.5383366777439843e-56,2.4481384514402293,-2.258726716037202,1.1503136766515485e-5
CPPED1,5.610550974440653e-59,1.8870747351029458,-1.8870747351029458,1.1503136766515485e-5
DPCD,6.327499611673477e-62,1.6724221435996078,1.5251255797690533,1.1503136766515485e-5
ANXA7,5.821698673754452e-65,1.9238861833438214,-1.3350767042896479,1.211570667616046e-5
WASHC4,9.934161974814859e-64,1.330570046422146,-1.330570046422146,1.211570667616046e-5
WASHC5,5.073286094891091e-62,1.4503533351809068,-1.4503533351809068,1.2792567798935664e-5
RAB31,1.5110652240031153e-54,2.5112998301730762,-2.5112998301730762,1.3839005297160697e-5
FABP5,4.825351386143738e-52,3.0846238538567867,-3.0846238538567867,1.9424629417110312e-5
RABGGTA,4.3827865787691026e-64,1.2106437507323555,-1.2106437507323555,1.9424629417110312e-5
RBBP9,4.556744037299524e-61,1.5327297500967738,-1.5327297500967738,2.6436405476867837e-5
PGM2L1,9.968009517927086e-54,2.4823864159889837,-2.4823864159889837,2.655413225190746e-5
CARS1,5.9381705424239553e-64,1.2603105772335432,-1.2603105772335432,2.655413225190746e-5
ENDOD1,2.1463169242564955e-57,3.520373637472023,-2.052718882187051,2.8406096878318748e-5
ZFTRAF1,1.7482193897227948e-63,1.1985638460362473,1.0975072575606752,2.8734250323896756e-5
NME1,8.999309989971903e-67,1.7886485939045649,-1.1513837009882302,3.272162304002109e-5
CNP,2.1605052051934644e-57,3.2877534745090315,-2.07735043772281,3.3738862976931215e-05
GAPDH,2.5838749462457688e-67,1.582013869337036,-1.1843398198696775,3.490150203587649e-5
ICAM1,1.487860149521892e-51,2.825494421576483,-2.6839689253720387,3.556304060342202e-5
CYRIB,1.7515738137908142e-63,1.3236490490005401,-1.3236490490005401,3.612065236083707e-5
CORO1A,2.5997836207357232e-55,2.253823095898209,-2.253823095898209,3.845385215063965e-5
GALNT3,2.8520033734600563e-53,2.108767770099517,1.807451113525337,3.9574521992838864e-5
DYNC2I2,8.592914973735612e-60,1.6494231633030054,1.3335900206049018,3.9574521992838864e-5
PGM3,3.580091378828423e-60,1.7159630572152444,-1.5831696917640556,5.2176560213799954e-5
CCDC8,1.2318755584308642e-59,1.4777033030640752,1.2589483083453707,5.2176560213799954e-5
SNX12,9.796382054719794e-65,1.1932305065685753,-1.1559868240962174,5.2176560213799954e-5
DHRS7,1.2371020277252364e-60,1.5446060147870355,-1.5446060147870355,5.3246460656076196e-5
DNAAF1,6.351160433868795e-53,2.3141297757592163,1.9997572502038388,5.942217861692635e-5
MAPRE2,1.2905231592195113e-57,2.618096510185751,-1.8637817852470562,5.942217861692635e-5
ME3,2.230941582316141e-53,2.337173581788498,-2.337173581788498,6.257979069096592e-5
HDGF,3.3224634441262884e-62,1.483789411985338,1.4117555942583309,6.429427901200582e-5
RUVBL1,2.1283891678404423e-62,1.402252325673036,1.402252325673036,6.429427901200582e-5
FN3KRP,1.2695751482763935e-63,1.6213615343261694,-1.2098999430341237,6.473024015730204e-5
MAPK3,6.02701739042843e-59,2.6324994141485014,-1.730816951249981,6.915447330330084e-5
MVP,6.928584536472162e-54,2.3201753190888788,-2.3201753190888788,7.341744899317823e-5
PRKCA,1.5429564516033482e-54,4.350074509973524,-2.2833055150299515,7.341744899317823e-5
GLTP,1.1895623853024468e-56,2.114715904891387,-1.8401719371367875,7.341744899317823e-5
JPT2,4.8409982597847285e-59,2.097040771878845,1.5318458141309854,7.341744899317823e-5
WBP2,2.6089153431274765e-61,2.2469529595597386,-1.4249969548287282,7.341744899317823e-5
SLC12A7,7.767358091747499e-64,1.354498298103195,1.0366858577131417,7.341744899317823e-5
IFT46,5.327291106256599e-52,2.1427609597505644,1.994349280762588,8.23127367578219e-5
IFT172,1.9181816514733646e-56,1.8315661370230494,1.5290109588524885,8.316232323470978e-5
APPL2,3.230251974822333e-60,3.4799557767400167,-1.4623495137334679,9.1429340210809e-5
SLC12A9,1.4351171180081297e-59,1.5045346046464871,-1.4125776044808305,9.687743349577504e-5
SPAG6,4.948154949200567e-54,2.2811012673687117,2.043204398181775,9.824665662200333e-5
SMAP,5.7799131802113675e-55,1.9833882921068202,1.9247578969364945,1.0136587002487668e-4
IK,3.4057926997701387e-62,1.9165828407644234,1.2012344663335313,1.0136587002487668e-4
ABI1,5.360056757636773e-64,1.8792877426234256,-1.1227549081131478,1.0136587002487668e-4
B3GLCT,3.737972608220302e-61,1.80484317849767,1.3543311420078972,1.0414415451292285e-4
RUVBL2,6.202816506776246e-63,1.25578984695413,1.25578984695413,1.0936035197307079e-4
SPATA33,5.888837986308421e-45,2.9066207985067383,2.671901889403756,1.1028067933274588e-4
NSF,8.736996500237563e-57,1.8834082066596132,-1.8834082066596132,1.1028067933274588e-4
CYFIP2,4.7651992865515946e-57,2.802383049715907,-1.7283307571591102,1.1028067933274588e-4
ZMYND10,5.265768765728299e-56,1.9906586105649815,1.7155978111191033,1.1028067933274588e-4
PTK7,1.763464968219038e-60,1.3465082323214617,1.3465082323214617,1.1028067933274588e-4
DOCK1,6.896730488387231e-61,1.3243017429927662,-1.2739580697397201,1.1028067933274588e-4
DYNC2LI1,5.194549482158683e-61,1.6248112279194444,1.20158767464779,1.1028067933274588e-4
SEC14L2,8.345907461337561e-50,3.6764983987808364,-2.8644260990607755,1.1067837870242058e-4
ARMC3,6.674893103286451e-45,2.900844747065026,2.666030375330246,1.1067837870242058e-4
ODAD4,3.40278233924482e-52,2.2440593057371068,1.9238176349505771,1.1067837870242058e-4
OPTN,1.365665084944477e-57,1.5679053863164043,-1.5679053863164043,1.1067837870242058e-4
NCAM2,5.323499700020835e-50,3.2090117384876855,-2.762886894938468,1.1079399939339235e-4
CROCC2,3.1394331315004284e-47,2.918389595831261,2.669436733238591,1.1079399939339235e-4
GALK1,1.119147686238034e-58,1.8516233636795079,-1.585764704841317,1.1079399939339235e-4
HSP90AB4P,3.6415270700040495e-65,1.1554945004040356,1.1554945004040356,1.183606284247971e-4
HMGB2,8.505791382440211e-59,4.00791357546305,1.6760998046610993,1.1885883882517578e-4
HNMT,3.088762596435512e-53,2.726807642518178,-2.2534837690500034,1.2102445434250986e-4
DTHD1,1.1173313339718718e-44,2.9043151293603042,2.670597001790428,1.213310196600304e-4
HMGN2,5.761484033586843e-57,2.172776392006565,1.7239622092659772,1.213310196600304e-4
FBXW9,6.60320871498848e-60,1.7633189522643455,1.3445662778185827,1.213310196600304e-4
SBDS,9.218309308142688e-63,1.3693033889440898,-1.2406157240333542,1.213310196600304e-4
AK7,1.1711532571103013e-44,2.690913218272563,2.4732370214379973,1.2277115610265677e-4
IDH1,2.05103541866677e-62,1.3263876768919545,-1.3263876768919545,1.2277115610265677e-4
RAB36,1.373269138853098e-44,2.8323909837564987,2.6103688410749584,1.2711481142061923e-4
QDPR,2.3465819323998702e-60,2.811428026386345,-1.5388400748063873,1.2711481142061923e-4
IFI16,2.228562477147812e-51,2.3497896257001933,-2.3497896257001933,1.2811332983746876e-4
SPARC,1.2894518700241907e-48,2.999208134368182,-2.999208134368182,1.321743171641556e-4
CBR1,1.3785869173577524e-57,3.4664881401453833,-1.9256701291282745,1.321743171641556e-4
HMGN3,2.6994690280971226e-57,1.694924720561886,1.4648223952505361,1.3674407030037092e-4
IFT81,1.3457300630241112e-57,2.045273386213065,1.4116082770528031,1.3726042715959735e-4
GAP43,4.463129592224328e-42,4.315524133812509,-4.315524133812509,1.3745290929983168e-4
LRRC46,2.0631972560170664e-44,2.8890589816862224,2.651629709511706,1.3745290929983168e-4
RSPH1,9.415633986463636e-55,2.06387725349337,1.705573118600686,1.3745290929983168e-4
CFAP52,6.290269348558158e-56,2.001856729565155,1.6499918051442464,1.3745290929983168e-4
SUGP2,4.6830409560939934e-60,1.9007153376284514,1.3634193573566087,1.3745290929983168e-4
XRCC1,9.916779183808319e-63,2.455933325745921,1.114389070901165,1.3745290929983168e-4
MSH6,1.5180883744090746e-63,2.8691872000521705,1.0782906030030155,1.3772375482548418e-4
YAP1,6.232846995180532e-62,1.0895622440985733,1.0895622440985733,1.3919664007838208e-4
GMFB,1.0333337640576844e-59,1.912139345865615,-1.5625154483396635,1.4214394644690775e-4
PASK,2.178190798428832e-59,1.4809951481858512,1.255143780177491,1.4459509946648235e-4
CCDC170,2.8077162710272357e-44,2.627986737015968,2.409087017754688,1.48526850926433e-4
RAB8B,2.6134669496751137e-59,1.4772514708903763,-1.4772514708903763,1.48526850926433e-4
DNAH9,3.2401345322262626e-44,2.8488658916461898,2.6123310711831227,1.5642817979345588e-4
PBX1,3.6324537203978414e-57,1.6098309887791906,1.5430058275739604,1.5816223527931304e-4
CAPN2,1.216266428780239e-59,1.9619417522184577,-1.5378164396864875,1.5816223527931304e-4
INPP1,5.342944936728412e-59,1.5440819269715753,-1.5440819269715753,1.5874669359654367e-4
HMGB3,1.7685608718380572e-64,2.956908600721441,1.1164757212500405,1.5874669359654367e-4
SCIN,6.365719055872296e-51,2.4246037346923544,-2.4246037346923544,1.594650812419894e-4
PIP4K2A,3.7310861004582913e-57,2.287771038404717,-1.6737642568952324,1.594650812419894e-4
ARHGEF6,8.592914973735612e-60,2.220638583595491,-1.391134004259051,1.594650812419894e-4
BTN3A3,1.1379647713152944e-59,1.7131762722214496,-1.3473224462224067,1.594650812419894e-4
PREX1,1.0470111587173138e-57,2.8107142429475935,-1.5505739399595555,1.6200511523513904e-4
RAP1A,1.8922286840268656e-59,1.5959354945087867,-1.5470198392240526,1.6200511523513904e-4
ATP6V1H,1.6580932283524353e-56,1.7450573571685872,-1.7450573571685872,1.67209666446326e-4
THUMPD1,1.68331995785954e-60,1.6972759618113535,1.333382308191144,1.67209666446326e-4
HNRNPF,4.991876685065876e-61,1.3683959252866273,1.3683959252866273,1.7672781229630997e-4
APOD,1.9504023665848628e-46,3.9608063238638813,-3.4450593992968983,1.8354704933453182e-4
KHDRBS1,6.322027042398371e-63,2.028328961801936,1.1923496822901534,1.8354704933453182e-4
WDR81,1.9360254154604536e-61,1.171706219049593,-1.101270899687556,1.8354704933453182e-4
ALDOC,7.804852884187085e-50,5.012894573114963,-2.919886619055724,1.8832631884326077e-4
PPM1G,8.060340649500812e-64,2.066731654542039,1.0213369345766097,1.9860319854627778e-4
EFNB2,4.24879486394582e-59,1.5694639795213163,1.281862182663943,2.0028407689234924e-4
SNX1,5.725866193366396e-63,1.2811108852456208,-1.1483904664052247,2.0028407689234924e-4
CAPN1,1.9548256548717147e-64,1.1292280606867457,-1.0779610504442054,2.083584531547706e-4
ISYNA1,9.158788510160964e-58,1.6444697869267912,1.6444697869267912,2.0965615267470262e-4
TAP2,2.813090028251918e-55,1.7464358544421934,-1.7464358544421934,2.1639303994334404e-4
PPP1R7,9.117093462541947e-62,1.257108053255795,-1.257108053255795,2.1639303994334404e-4
RFTN1,8.199081402896371e-60,2.0750513575507554,-1.33668430218707,2.2317090406574712e-4
NELFE,1.1966558416422322e-60,1.853568004100481,1.1693129264199875,2.2317090406574712e-4
CCAR2,1.837456789400676e-61,1.3094738661047138,1.2357695513620435,2.2450214813900702e-4
SOX2,4.968459583698322e-58,1.5513340283032484,1.3361816379918743,2.3034611557416136e-4
MYLK3,1.6748659935666226e-43,2.8768962867662236,2.628595773049387,2.452637673707998e-4
MTMR1,3.269383519245726e-61,1.6081134762200548,-1.1248031955964315,2.540372765973236e-4
PFKM,6.346811700948677e-58,1.8472886136209823,-1.6186185700028837,2.5866098273455955e-4
DYNLT3,1.5141217661702074e-59,1.3865953199992802,-1.3865953199992802,2.5866098273455955e-4
VPS26C,1.3972058343725781e-61,1.6798699864899618,-1.128479003171634,2.6137997026404696e-4
TAP1,1.2061685517378915e-56,2.3843100797598105,-1.6157279077881626,2.674802906716567e-4
GOLM1,2.2935857294318995e-58,1.9111331892595658,1.3552239001821853,2.674802906716567e-4
KIF13B,1.0862043860764722e-59,1.7254752218874394,-1.2723488721249723,2.674802906716567e-4
THRAP3,3.1005033900840577e-61,1.6609971237440853,1.206566669363454,2.674802906716567e-4
RAVER1,3.4632026530013345e-61,1.2631374706227056,1.1742161873446122,2.674802906716567e-4
CPNE3,1.783644169515989e-63,1.6208821556517847,-1.1014592214144585,2.674802906716567e-4
DNAH5,2.712124071112698e-43,2.9257224077094364,2.6846524108134506,2.676431426773229e-4
ENOPH1,1.5811517154459919e-62,2.0945749479639737,-1.1849833615027912,2.676431426773229e-4
ATP6V1E1,5.080642603103643e-59,1.5146563437848215,-1.5146563437848215,2.6943216071767984e-4
DYNC2H1,1.9410631250397279e-56,2.3568414580555483,1.485133308313106,2.703699604016756e-4
CORO7,5.181816578990518e-59,1.3794764837518727,-1.3794764837518727,2.7317713934054295e-4
SRRM1,7.448010968959942e-62,1.8892979832931225,1.1433458645951227,2.7734696900873305e-4
ATP6V1A,7.499608099582686e-59,1.4827579388207255,-1.4827579388207255,2.8673978040631075e-4
ARPC1B,3.747158494056713e-58,2.4289193627990393,-1.4762781874294788,2.8673978040631075e-4
NUDT3,2.120503107578044e-59,1.6820006832223733,-1.4361021794624875,2.954510979670954e-4
RAB5A,6.202816506776246e-63,1.5995002792101332,-1.132800058283717,2.954510979670954e-4
CHAMP1,3.208942203738504e-62,2.430924994346956,1.1080174206915814,3.0438523218934745e-4
G6PD,2.7171190640661595e-62,1.2432966534372376,-1.1601058582166957,3.10762624305126e-4
ROPN1L,1.1046784749242677e-53,2.1195786832009382,1.7404334065749154,3.311404156456298e-4
RUFY3,1.4582192851415678e-53,2.9417762865041936,-1.9892609841781415,3.3686046640148105e-4
EPN2,3.961182205123714e-54,2.530973668693477,-1.8430620010415986,3.6142323708736497e-4
ATP6V1B2,2.6232424959617655e-57,1.5789713832685877,-1.5789713832685877,3.6142323708736497e-4
TOP2B,3.725858288874482e-62,2.5781934654194814,1.1272963220867211,3.6142323708736497e-4
B9D1,5.3029767848153526e-52,2.0662600384352245,1.7192738639237142,3.6519849748839755e-4
RSU1,3.790454378484843e-59,1.49882262864665,-1.409682142901886,3.7481753071302485e-4
TAPBP,7.483510292590108e-57,2.5802883766538365,-1.5414321018688995,4.005037349175753e-4
HDAC2,3.5039039342458094e-63,2.753266073181205,1.05828437736794,4.1217604264419107e-4
MTA1,1.2711889364594882e-62,1.738568442961089,1.0326953049662748,4.382619547879987e-4
SRRM2,3.577474170152563e-60,1.3642948432238242,1.2079595019001808,4.4834596116297463e-4
HDGFL2,6.918767159693827e-59,2.001935802316911,1.3176702293805143,4.619824249969192e-4
TRIM3,2.6404789157515384e-59,1.2122470735907918,-1.2122470735907918,4.6877172010699e-4
SNX17,1.8836286277826044e-59,1.662346771637882,-1.2763928479935096,4.690044249922969e-4
KCTD21,2.0336212586985003e-55,2.130575165082643,-1.6133347676556546,5.065518674302199e-4
MEMO1,3.690944903251533e-62,1.2355464833123158,-1.0343935036961547,5.065518674302199e-4
TRAF3IP1,1.3010242741161036e-47,2.393137515595928,2.014053606912851,5.117790535027846e-4
SSB,1.4888753904950642e-62,1.1054112230090567,1.1054112230090567,5.117790535027846e-4
FGF1,4.295516734667546e-50,3.263435365065636,-2.45305883382861,5.216553689491077e-4
STX12,1.313171421114058e-63,1.0683005708318198,-1.0210243199127618,5.241924344416411e-4
WBP11,2.588650141970198e-62,1.8491909942943785,1.059327596253599,5.322253275496757e-4
APOE,8.44887558739349e-53,2.081920425548052,-2.081920425548052,5.478999599374437e-4
CWC15,3.582868754187752e-60,1.647734863973369,1.1300802950927533,5.850492104571457e-4
RHOC,6.915311450600987e-63,2.3175359755097666,-1.1711173010619298,5.894317750313267e-4
EPPK1,4.9453894109879315e-53,1.7318386967582882,1.7126391832173837,6.186244340039764e-4
LCP1,3.8872794726595864e-56,1.661968469554001,-1.6040412882930966,6.186244340039764e-4
PLPP3,1.9789925676391942e-57,1.465795247180349,-1.465795247180349,6.375092829132686e-4
MT3,9.91832398380133e-44,4.493184544134163,-3.3715800113685113,6.442088304603011e-4
DNM3,8.158159332323582e-57,1.7260219990756198,-1.5116628983093783,6.461585712483405e-4
EML3,5.639585252225098e-59,2.055153995948068,-1.242853424303334,6.461585712483405e-4
FHIT,4.462289924383643e-60,1.8827369244312742,-1.1662257965598393,6.470563584128165e-4
SNX9,4.456221638769717e-61,1.1093750047617164,-1.1093750047617164,6.470563584128165e-4
APOL2,1.9374401862065984e-55,1.892795458562567,-1.6212741212812354,6.603171347170214e-4
ABCB6,6.143684366878787e-58,1.589364246101308,1.298550203248137,6.603171347170214e-4
PCNA,2.1716740518600453e-62,2.2369790018092033,1.091917482139337,6.616035936494727e-4
EWSR1,9.712368468151546e-62,1.6003579420429794,1.1244871954745541,6.680084987069441e-4
PREP,1.0282602968244498e-62,1.3433278515365465,-1.0183955751635168,7.019937464409439e-4
SIRT2,4.8217919544709895e-54,2.8711954844827403,-1.7804584153932872,7.094381557870365e-4
FLNB,1.4784077525804499e-55,2.0998684082309147,1.6446708493386524,7.094381557870365e-4
DMWD,2.2806563872543238e-58,1.196570220176934,-1.196570220176934,7.094381557870365e-4
SMPD2,1.7813333418013441e-50,2.040812172653524,1.7111205224934025,7.191692203917092e-4
FERMT2,2.170339813557e-57,1.470867269201598,-1.470867269201598,7.198760757697163e-4
CAPG,4.209631365874987e-54,2.125207740680697,-1.8571347507449794,7.287330420951428e-4
RSPH9,1.5152705543616433e-53,1.9953475215826408,1.5785480525543782,7.374454421410991e-4
PTPN11,9.512997019376615e-63,1.9930823704926404,-1.030241188788608,7.374454421410991e-4
TSPAN7,1.708362500337047e-50,2.1058401153562833,-2.0245147059940543,7.462601237413803e-4
SNX8,8.280399410726003e-61,1.0624468869919745,-1.0624468869919745,7.462601237413803e-4
CRYAB,4.748677064308857e-49,3.7360158913918973,-2.6868427155873995,7.503341627587037e-4
ARHGDIB,2.31035603548762e-55,1.673106968595949,-1.673106968595949,7.530045278386533e-4
KITLG,2.079529496231065e-53,2.004467578481947,1.5992228521529661,7.771756904692293e-4
BCLAF1,1.0027888148649587e-59,2.047427846958996,1.2202465725418286,7.771756904692293e-4
PSMB8,7.439281902732774e-55,1.5918775710442112,-1.5918775710442112,8.043187739770307e-4
LANCL1,9.295433522999478e-60,1.8353919385809654,-1.2918992406341907,8.047017976603125e-4
GTF2I,3.2413519558866477e-62,2.6521151975639192,1.0512912035544986,8.199264832954412e-4
HIP1,3.8028361455851574e-53,1.7966088001676965,-1.7966088001676965,8.21126495794566e-4
HLA-B,1.4438650809927814e-56,1.7349940959721728,-1.6057023692591237,8.21126495794566e-4
SNTB2,5.803426601629136e-58,2.0243931404005764,-1.3342485438664795,8.21126495794566e-4
FUBP1,1.4378058277864925e-60,1.9714286835867298,1.1902113276950246,8.21126495794566e-4
PYGL,2.7746800285657505e-50,2.84525559788419,-2.244832074520268,8.308768478865742e-4
RSPH4A,2.6534443101033256e-55,1.8642019447879754,1.4502458237027795,8.308768478865742e-4
GGT5,2.1631315155168143e-48,2.6758365246242946,-2.488416674034145,8.334130680208816e-4
SERPINA3,3.622139235088013e-54,1.929054794189355,-1.929054794189355,8.383646258074367e-4
RTN3,2.1314218237526524e-61,1.9320342419963126,-1.1881117272881134,8.484599364681699e-4
SMCHD1,2.6314580616071245e-59,1.941510554433382,1.1671992077861049,8.484599364681699e-4
ROCK2,2.1375318473447226e-59,1.1485111894218676,-1.1485111894218676,8.484599364681699e-4
CFAP20,1.1308601724169471e-60,1.1374979207986975,1.079656980386023,8.484599364681699e-4
ABHD14B,2.2074098839962472e-62,1.4273347159601357,-1.0490298933887345,8.484599364681699e-4
SMAP2,1.8774062537186033e-57,1.9279164416702805,-1.40934823216568,8.538997718092998e-4
SPATA18,6.946885911651617e-54,1.920396823164559,1.5182999721546189,8.547461511085845e-4
COMMD4,1.3260622529717577e-60,1.163909926346193,-1.0840312884866599,8.569119290175669e-4
PTPRZ1,1.5342526704631904e-52,3.4237476691096873,-2.0069673068718004,8.577572733749501e-4
GIPC1,8.579181884201824e-59,1.4893200888698068,-1.1984451836671717,8.702080533730152e-4
SSRP1,3.1839698794223255e-62,2.5230988904711964,1.049286083888692,8.723827687810227e-4
SLC4A4,2.964596494170759e-48,3.5030796469439096,-2.5685724073607226,9.092944106638271e-4
RAB6B,8.947173675584018e-56,2.0191250700280783,-1.607166306566942,9.092944106638271e-4
RILPL1,5.7254500997583565e-58,1.1736011440415588,-1.1736011440415588,9.103364483567568e-4
PLCB1,5.30604858112053e-53,1.7768945236556561,-1.7768945236556561,9.406558890113852e-4
MAP3K5,3.415440058336002e-58,1.193084366803923,-1.1785861969063411,9.624937707577187e-4
NDRG3,1.316736334886987e-59,1.1887479957038458,-1.1887479957038458,9.979490966292419e-4
NASP,7.874604373686746e-60,3.1159716133224755,1.1622069799979151,0.001009627852967646
NPEPPS,1.4542108907132932e-63,1.0103319714275116,-1.0103319714275116,0.001013876018754629
ASL,1.127329222293298e-56,1.3151013914625125,-1.3151013914625125,0.0010334291233129124
ANKFY1,8.453649975934465e-61,1.636187580889647,-1.1031401855389618,0.0010569155071146526
CC2D1A,4.771568591132227e-54,2.2290927860915666,-1.6728932638862481,0.001068989962084576
PTPN3,2.967480356432555e-56,1.4612929737863567,1.1201149681133025,0.001068989962084576
GLUL,6.8203351748188165e-46,3.907860215927851,-3.078185589795222,0.0010740276610494376
IFT74,1.0481958589438632e-56,1.8350519882980159,1.2921500940904522,0.0010740276610494376
GMPR,4.392446079823356e-48,4.451586010705334,2.514567308252623,0.0010742234774913976
RRM1,2.6020772625394016e-57,1.4209399246283958,1.314170629439115,0.0011013291574487522
CHLSN,2.125158854642847e-60,2.342251376157339,1.074209607094982,0.0011082146696168534
FCGR3A,3.014746948343847e-58,1.469266020961797,-1.2993814233078567,0.001134670339205042
PARVA,3.4079621972102243e-60,1.1426689426165737,-1.1426689426165737,0.0011366744002830732
PEBP1,1.662781009595974e-61,3.0488225814404473,-1.2434252926236375,0.0011633756705952578
TUBB2B,5.985109407451281e-51,3.272172743431984,-2.25917943511433,0.001171892012258307
RBM15,3.097914852174622e-60,1.7778518657844025,1.020082631830153,0.001171892012258307
TUBB2A,8.849462863537395e-55,2.5134647873091467,-1.8370445682617742,0.001175295577648131
EHD2,1.8765953683158418e-54,1.613079727815034,-1.613079727815034,0.0011848600838268298
SLC1A2,1.1028307344158588e-44,3.7688770342889093,-3.1354749109678615,0.0012044607961309414
SLC16A1,2.0232429019175393e-56,1.4569295307831034,1.4569295307831034,0.0012629252878283508
SERPINB1,2.885664134289867e-56,1.6201397141328115,-1.502509832708892,0.0012631413696271492
PGPEP1,2.7408094715627057e-55,2.3351256382605285,-1.4802285113973426,0.0012678286889215662
RFX2,1.690905461004749e-56,1.6827676102523874,1.302287164926632,0.0012678286889215662
ITGB8,5.342536178439947e-59,1.585818374231767,-1.1872284261797859,0.0012724706261393033
ME1,4.7590563205246105e-52,2.7782838652444894,-1.8805706529146313,0.0012917089933375699
POLDIP3,2.860410820760216e-58,2.2922413923533718,1.2129283659095407,0.0012917089933375699
FHL3,1.1374104367363662e-58,1.1813401227856168,-1.1813401227856168,0.0012917089933375699
RPRD1B,8.721275567490854e-62,1.5787413310752392,1.042520453604535,0.0012917089933375699
NF1,1.540642562198722e-60,1.300790256538562,-1.0004076354702462,0.0013760133405621897
TWF2,1.4339847233257424e-61,1.0170822623793363,-1.0170822623793363,0.0013892141686619014
MYO1F,4.269295659104907e-56,1.32673046551551,-1.32673046551551,0.0013902811448821939
TIGAR,7.31869140830631e-58,1.6473021824967837,-1.3540426682891251,0.001399851203194333
SH3KBP1,4.498136991114126e-58,1.1871577455511826,-1.1871577455511826,0.001399851203194333
ILK,2.9202345589522435e-59,1.2091038925172413,-1.2091038925172413,0.0014458387094359306
ATP6V1D,1.0234352975378783e-57,1.314717632982365,-1.314717632982365,0.0014483102897483453
GSTO1,6.670053434110102e-62,1.526933539461421,-1.0992678725253668,0.0015057555613961434
NFIX,4.791812579564293e-54,1.924387468391732,1.5729810370268957,0.0015223113985503637
FSD1L,3.6569725705264094e-56,1.7934386268089746,1.3687371303559637,0.0015223113985503637
CBR3,3.978629997884158e-50,2.107562725623932,-2.107562725623932,0.0015573491678088954
BCHE,1.1864904635485415e-53,2.4910941432950047,-1.6318120771568054,0.0015573491678088954
DRG2,1.5509954506497834e-60,1.0532008800808264,-1.0532008800808264,0.0016336024305150306
ATP6V1C1,3.265633123815131e-58,1.2276511965828334,-1.2265913464844083,0.0016373005197624167
ACIN1,3.6816804617286143e-60,1.7601716022064302,1.0371779496850841,0.0016387841225335646
SORL1,1.447247280050993e-57,2.2538659704784614,-1.2495873395837975,0.0016767963119941618
CYRIA,3.990544476150902e-57,3.076659085977685,-1.343996193289481,0.001695835358882545
H1-10,3.0848991951056645e-58,2.9658837015438593,1.2732799202489922,0.001695835358882545
ATP6V1G2,7.522385603079555e-49,2.8813621327283556,-2.124366518091456,0.0017061762382659731
ENDOG,5.251643323931491e-60,1.2717730227889206,1.0419855981978934,0.0017353083628898268
LAP3,7.044212517239831e-59,1.5603877164839943,-1.28439374576773,0.001742562022067107
ELMO2,8.436349747927291e-60,1.4261685590561548,-1.06502701751322,0.0017682259295880892
CETN2,3.595046105383271e-53,2.8289989628446612,1.669474258903886,0.001836740323568655
VPS52,5.689351697911179e-60,1.0345204905025938,-1.0345204905025938,0.001845474968416288
HEBP1,1.7698713189654565e-57,1.44014918160439,-1.3113027560915178,0.0018507293491780493
TNR,6.693596289541443e-44,3.2188888676663296,-3.2188888676663296,0.0018622877294882391
NME2,1.9845695129234797e-62,1.031629187568189,-1.031629187568189,0.0018797545973870864
HCLS1,7.886216550352368e-53,1.60079561032828,-1.60079561032828,0.0019065551359235405
GATM,3.919430363931841e-55,1.9246517067923996,-1.5192707121728972,0.0019192393632512467
WDR54,4.921041183514187e-56,1.9154922685810334,1.3582568370270884,0.0019192393632512467
TP53I3,1.7673967233842895e-55,1.5094445614765348,-1.5094445614765348,0.0019218226143250452
DNAAF3,6.85273347273896e-51,2.0828631031240725,1.6226307439844447,0.0019759102494595203
EHD3,2.7740539944211583e-53,2.7559422524208905,-1.622153799825778,0.001982945254630464
STOML2,6.4477581716916725e-59,1.1625420513862643,1.1625420513862643,0.001983728344977533
MOB3A,2.7696977291136833e-56,1.3668987447481804,-1.3130949308999185,0.002025048221929421
RGS10,7.147075653762541e-57,1.2276219652416103,-1.2276219652416103,0.002025048221929421
PARP9,5.219618940727722e-60,1.0132900110096017,-1.0132900110096017,0.0020325377738647887
RAB13,5.200255828395619e-61,2.025372861706259,-1.0632016693810478,0.0020422583641473767
PSMB10,2.8782868814301494e-57,1.6995639073250288,-1.250189706159766,0.002064230811753166
COTL1,1.7724109086034522e-56,1.68130098331444,-1.462214456956218,0.002124899692518001
MACROH2A1,3.6100381659138116e-61,2.009035200841975,1.0886605436300734,0.002131792810586548
TRIM28,1.3543497434268124e-61,2.603473774998516,1.0328438223344243,0.002131792810586548
AGA,7.16253110016204e-54,2.818118804119102,1.5759263961591685,0.002133972261879797
ITPA,4.089661466202723e-60,1.0837198312727594,-1.0837198312727594,0.00215248326804111
LGALS1,3.586219203543134e-57,1.7404490813782267,-1.4289871310636748,0.0021683876142164003
STEAP3,2.771186522018527e-56,1.3037051385601366,-1.3037051385601366,0.0021683876142164003
PDCD4,2.7949475691986704e-57,1.2130062641855694,1.2130062641855694,0.0021683876142164003
EHBP1,9.173635241470876e-58,1.900807618292486,-1.0555705583977577,0.0021939082193658662
PPP1R12B,3.645682511925969e-57,1.5137063154027075,1.1016100795593289,0.0022277284005393855
NUDT16,1.0694170923330057e-53,2.23316859267835,-1.5654276218738374,0.002232367500453762
NELFB,4.1679510987405955e-57,1.6514794165792814,1.2296624620243328,0.002232367500453762
C17orf75,6.05597689194604e-60,1.0260488302044806,1.0260488302044806,0.002232367500453762
FAM114A1,1.6141064276641356e-57,1.1872334986358517,-1.1872334986358517,0.0022375135487746026
ECHDC1,2.8027719889891225e-61,2.6457676769265213,-1.0227166923722102,0.0022375135487746026
GPRC5B,8.973625703223908e-56,2.3611275170009556,-1.3894202110138707,0.002271303933884234
CNRIP1,1.4954826832245885e-51,2.616348839898034,-1.938930094921627,0.0022835513665345327
CAPNS1,3.690148752130923e-60,1.2754377132221215,-1.0965207075640002,0.0023506130774629155
TMOD2,6.728513574327438e-52,2.8438974259596,-1.8035285968349903,0.0024194091814792227
SRSF9,1.1648745528631763e-59,1.3613125439449796,1.1124058405735333,0.0024322773315322553
DGKG,2.047005055973407e-59,1.3339017277336538,-1.023682991542433,0.0024706725131748977
GAMT,3.3724760509806777e-56,2.095840837546344,-1.3965614065804282,0.002471031085721767
THY1,1.8155863148208014e-45,2.798968921738375,-2.798968921738375,0.002519493996408682
VAT1L,1.8892651983377964e-46,2.551301009807762,-2.551301009807762,0.0025387535741411473
IFT88,2.3632299850714395e-54,1.627325854901823,1.2366037636384242,0.0025387535741411473
TRA2A,3.51097574091242e-59,2.110015221590835,1.1076762959545299,0.0025387535741411473
HMGN1,1.3976750860542954e-57,1.4835276722392337,1.1580515894889878,0.0025965873089848946
TBXAS1,2.6357626888792298e-55,1.3604580708470593,-1.3604580708470593,0.002603360730046095
ACAT2,7.359217817795249e-60,1.0972079480690056,-1.0972079480690056,0.0026356947184878418
TNS3,3.817344764859531e-50,2.1825421118807427,-1.9396819418775841,0.0027021207796465952
C4B,5.718331100175629e-56,1.6855144108627016,-1.447294743668575,0.002787592679177775
NFIB,1.2686431360613582e-53,2.8965957845862427,1.5327546121525906,0.0028404512739877304
SYNJ1,2.5286565759271904e-55,1.9433851586521058,-1.3759100369754051,0.0028477691045591057
PIK3CA,1.187244139047523e-58,1.4113192625193278,-1.0008975730921605,0.0028814319298222577
PCNP,5.16599054777658e-58,1.6269223157272492,1.1103948660876455,0.002975934559527423
FCGRT,1.4777865958676616e-50,2.2162503530029305,-1.7833131074877286,0.003007008510017346
PADI2,1.0181190881076237e-45,3.4745832146949525,-2.611250952773535,0.0030149778254955103
TUBB4B,3.1505489626117935e-57,2.6658078945401193,1.4789615683360857,0.0030149778254955103
LIMS1,1.36132964320884e-57,1.1679197710262734,-1.1679197710262734,0.0030149778254955103
PITPNB,1.5327366897763671e-59,1.2614051660603707,-1.0188906473065025,0.003048946927464121
PCDH9,4.850085216243396e-53,1.4741603944392097,-1.4741603944392097,0.0030598005516926465
HVCN1,1.8681445290223851e-56,1.2488611550424373,-1.2488611550424373,0.003118710771177634
SLIT2,6.227267349547378e-58,1.0621245204531036,1.0621245204531036,0.003118710771177634
F11R,9.35896431438577e-56,1.9966314156396443,1.2977637699194169,0.003138848283305485
MNDA,1.2362678150181266e-52,1.5743836346909532,-1.5743836346909532,0.0032477227694348394
ITGA3,3.748551837168742e-54,2.0135667237884043,-1.424346363823485,0.003257613833974528
RENBP,1.6799659525449555e-54,1.400679072261859,-1.400679072261859,0.003257613833974528
OSCP1,5.560994351012019e-55,2.3391372866339104,1.2798003295573928,0.003257613833974528
ATP1B2,2.2344073866633226e-55,3.4837680038222665,-1.466215418252247,0.0033151318001060394
PGM2,4.0996052352562115e-58,1.1662312864368793,-1.1662312864368793,0.0033378513494226065
ACYP2,8.080992882249924e-49,4.132850391480545,-2.1702912718692033,0.0033426273197128304
PSMG1,2.783935778751568e-56,1.1664925979237388,1.1664925979237388,0.003385325301457466
SCD5,9.903286679964171e-55,4.6683108822463915,-1.438195595412683,0.003428798671672358
GFAP,8.75908348424035e-47,6.071769947660581,-2.860844277752342,0.0034739817363203455
ERH,4.977295527406905e-55,1.8863571252029914,1.3345693503973202,0.0034927499073956164
L3HYPDH,3.305434122627485e-57,1.9252923939147593,-1.2130963365057852,0.0034927499073956164
WARS1,1.2847254425428048e-57,1.4837007258709356,-1.212923294117072,0.0035569733164798026
HSD17B11,2.851006677816469e-54,2.0120372914530513,-1.4393317452238463,0.003594956588521464
CMTM5,2.038092941022242e-58,1.0839260056348898,-1.0079239952585937,0.003594956588521464
IQGAP2,2.6393204967898383e-50,2.2543615361303573,1.7785697164491125,0.003642373897601336
SEPTIN4,3.8537147325654106e-56,2.2020345174291656,-1.27341928153907,0.003661842438672497
ANO6,1.5640252859709536e-53,2.269812632477251,-1.4968060034311428,0.0037083071542511393
ARRB2,6.4458363382885515e-57,1.7023835946959274,-1.1262427377479334,0.0037556213720853116
CA3,1.2598655051045972e-40,4.5036545876555145,3.502462194106876,0.0037641179498244166
CROCC,6.597480389477114e-53,2.1168059407687245,1.525642587055227,0.003809160521441227
IGKV3D-20,1.513969318158301e-55,1.6406326462482959,-1.4230315018862676,0.0038197753580713092
PSIP1,1.4120694644352715e-60,2.147948402155734,1.0064227478684131,0.003868329398137377
DPP7,1.9267285918634052e-51,3.388314123029396,1.736136665722448,0.003921439881203121
ACADS,5.606790519205718e-57,1.7449787328120188,-1.1349584475854044,0.0039224764427679484
KHDRBS3,1.565095602840284e-55,1.3196076852463676,-1.3196076852463676,0.003944265095083432
S100A6,1.8181985664125465e-49,3.0940966346266663,-2.255324165864671,0.003973235579259822
RNF17,9.842113031955986e-57,1.5675771653354076,-1.2049834390371963,0.003982839996266892
MYH9,8.154197634615357e-59,1.617051831384213,-1.1301851888592829,0.003993766262807562
LIMA1,3.985831081402693e-55,1.2615526701316213,-1.2615526701316213,0.004005686843970805
PSMB9,6.6921310613597845e-59,2.2118866296911364,-1.0990363666947296,0.004019632954226269
FSTL1,8.942757771348783e-58,2.1253746641916997,1.053691394604396,0.004028601718351956
ITGAM,9.052121945261281e-56,1.2063924198488465,-1.2063924198488465,0.004040068368111246
MYORG,8.628634096282385e-51,1.8892250492215865,1.4431663345903338,0.004080669918272325
NAMPT,3.716619349248145e-52,1.7395521782706247,-1.7395521782706247,0.004098872023871558
AHCYL1,2.1849062721710494e-53,2.919985682557879,-1.6101442797282068,0.0041686163935885775
CSPG4,1.1255590625826674e-48,1.9848321199969128,-1.9848321199969128,0.004293300725029576
LYNX1,5.5329548603176485e-55,1.2716942793837127,-1.237736821956645,0.00431742750483838
BCL2,2.175289544925533e-55,1.4165957614043663,1.2449108888636182,0.004391193541695904
PARP4,1.7575658575875876e-57,1.4112690167689834,-1.0527882693976238,0.004410879716599089
HLA-DPB1,6.28202533092885e-54,1.4209638997014125,-1.4209638997014125,0.004423077899360428
LZTFL1,1.5859992774531085e-56,3.027332917095265,1.2461431988081166,0.00442964147863911
ERAP2,5.474654805979067e-57,1.0729182969316717,-1.0729182969316717,0.00442964147863911
PALLD,5.344919288882266e-59,1.394683911965572,-1.0499389588821053,0.00442964147863911
CFI,4.2717443888913053e-54,1.403756513688677,-1.403756513688677,0.004473311880442223
AKT2,1.1385022390289695e-56,1.7920064717374586,-1.165501703915119,0.004473311880442223
WDR7,1.351258867746678e-54,1.4384929370891442,-1.2989522510232199,0.0046612343678840975
PNPO,2.080090132712369e-57,1.8908891265820102,-1.1533584042640967,0.004898887718632036
HKDC1,2.6451686172856967e-54,1.7370401679778489,1.2519062290104799,0.0049034911993551325
NCKIPSD,1.8629833136173682e-56,1.3847635419372217,-1.1211573858721167,0.004914508712768993
CD74,2.8875092512753756e-48,2.028208697920345,-2.028208697920345,0.005024093805493458
NEMP1,1.9922991538820744e-54,2.418320852531753,1.0645007762541425,0.0050265365158427555
EEA1,2.2263729001846855e-56,1.5147806199602734,-1.178398839371269,0.005044463098564376
SCRN1,9.365711510273493e-57,2.507635695737239,-1.295297540764377,0.005126902718135981
LHPP,9.260055038407434e-53,3.4326739957850805,-1.6113980248989748,0.005209138050273847
ABHD11,1.5006054370684554e-57,2.081111110768621,1.1223162968811273,0.0052218034657755515
DTNA,1.9423674374222635e-53,2.5394927375310594,-1.4243779918007533,0.005371664172658059
IGHV3-7,1.9144800663730657e-54,1.4935834412996094,-1.4935834412996094,0.005374997186684912
TSC1,2.1930456659288127e-56,2.304908729556189,-1.019264253656619,0.005383063540056042
C4A,1.0706603347415344e-53,1.48424368188045,-1.48424368188045,0.0054139470264107465
ALOX5AP,2.1742034593693298e-57,1.2328502874139922,-1.2328502874139922,0.0054139470264107465
CD14,7.190530359299563e-53,1.46047778714982,-1.46047778714982,0.005451820372326797
HSPH1,6.911867689093485e-56,1.2444718558191958,1.2444718558191958,0.005531016664691051
ACSF2,1.333899314031942e-55,2.072669639199532,-1.1758114741321606,0.0056396382531243685
RIGI,1.1129518693007067e-56,1.332697498684535,-1.105839805384317,0.005667938358463461
LMCD1,1.5434250212793013e-54,2.1017264865042264,-1.285955470796985,0.005740249243139658
BANF1,1.1373762205740964e-51,1.6166344120653235,1.6166344120653235,0.005774303147828995
RNPS1,2.8667453777075915e-58,1.891386841515466,1.0980514177095202,0.005774303147828995
NLGN3,1.2181113970591962e-53,1.5985088483526084,-1.417774620481481,0.005774487143213474
SEPTIN5,2.0144446861028577e-50,2.0228770787512182,-1.7412898920317232,0.005798097184933909
NPEPL1,2.0790537754364373e-57,1.3904897738784356,-1.0853079897050613,0.005894233802426381
PTP4A2,8.20951067464033e-58,1.3005467853033572,-1.0242932996853291,0.005909676133679342
HSPA12A,2.4450759426181564e-47,2.9890016867170175,-2.0984487532776974,0.00595403036795177
EPB41L2,6.42805853171047e-57,3.665702683544879,-1.2272139411985847,0.006056574746252619
PHKA1,2.5626250486941617e-58,1.5059971493099624,-1.0040146457709973,0.006074113247485398
S100A16,8.671992664627283e-52,3.337740056173857,-1.5759466356062504,0.006178878301655127
EHD4,1.11427971541828e-54,1.3288164917402305,-1.3288164917402305,0.006178878301655127
HSP90AA4P,2.1267714921506372e-57,1.6380399941317094,1.020202509964765,0.006179689794947594
ODF2,3.895881193044327e-55,1.4297207114552108,1.1370994379931147,0.006208062224403767
C1R,1.1117615059985691e-56,1.5344108528694314,-1.1233672329028046,0.006220349716636082
SH3BP2,5.288080643013333e-56,1.2424429608197407,-1.0373790036704165,0.006247707966258721
SAMHD1,1.1248807373134446e-52,1.518858882745704,-1.518858882745704,0.006314437588957431
CFAP298,9.593100885462432e-56,1.6496242560888668,1.0974653491204442,0.006314437588957431
LRRC8A,1.2732295592909908e-57,1.8850186015832904,-1.003220789473513,0.006341853507155477
MSN,5.50961010974813e-60,1.9758900835197188,-1.031392165563588,0.006404521813163612
HLA-A,1.3424570392375513e-55,1.702387413784809,-1.3127617058887289,0.006454753446639169
STAT1,1.5332933655000508e-59,2.142091870232978,-1.0033652872856749,0.006454753446639169
FAH,2.3677572232081666e-57,2.009724561582402,-1.1303906901747567,0.006525451289374511
WLS,1.2006596474553696e-52,1.9165223352918161,1.5000030807494475,0.006587588157329533
AHCYL2,1.9977727743199994e-53,2.089964778688003,-1.412395961486208,0.006646726692344942
C2orf72,9.745278740305053e-55,1.2878580986944286,-1.2123606778473928,0.006779119342318386
SORBS3,1.2169719781708754e-56,1.2117853332591757,-1.1237488364708987,0.006825242210388917
ROR2,3.2398501457042068e-55,1.5673183885417785,1.0893748617435044,0.0070121939726020014
DUSP14,1.3503384696587587e-55,1.3658498390505969,-1.1649902951681597,0.00704554204697311
MAPK1,1.232082283344124e-59,2.853930807288222,-1.0503902959767082,0.007077687522825987
CLIC4,2.73519582159226e-57,1.4789674559232147,-1.1747858208056314,0.00724162865216633
FYN,4.192237889749158e-56,1.126890600169748,-1.126890600169748,0.00724162865216633
AKR1B1,1.2623720882649214e-59,2.4383370181522572,-1.0416763144611423,0.00724162865216633
HIP1R,4.434662907102037e-55,1.2736065362319273,-1.2248974967783433,0.007251541798754265
SERPINA7,5.434930945695553e-54,1.2724308524646588,-1.2724308524646588,0.007291778806620227
TMBIM1,1.8338570628565084e-55,1.7455192288088028,-1.244595664102274,0.0073124314667007756
HLA-C,5.920610514021268e-49,1.8963605320587327,-1.8963605320587327,0.007324480977122971
GBE1,1.9049102064243205e-55,1.2084073976660186,-1.2084073976660186,0.007537540966536092
SYNPO2,4.4773137367303666e-57,1.3733295873631413,1.025551003124118,0.0075688478270858044
REEP6,2.1184004786248152e-54,2.4989259214393442,1.224249497263724,0.007735206883235764
ACSBG1,1.028396690391583e-54,1.5506095291248378,-1.2621616013083532,0.007748333474619124
GHDC,2.476592894681348e-57,1.102468018996131,-1.0187574092562173,0.007819465502326609
IGHV3-74,5.447437809393396e-57,1.3685239958652176,-1.0642922996531325,0.007864376603312205
PLPP4,4.519985128537568e-55,1.4300509145245428,-1.1484444268032519,0.0079073943500338785
DTX3L,2.045157595923866e-55,1.0885815274824395,-1.0790931636526047,0.0079073943500338785
PGM5,4.594489301359475e-49,2.076895593918973,1.7029283625195077,0.007950072851057803
S100B,2.292329929714862e-46,4.806959761842471,-2.4292326489643266,0.007978117673312609
SPAG1,1.4078349351736623e-54,1.2347827762989176,1.1277870823145335,0.008023716361258234
HINT3,7.045878881225809e-55,2.103991196184559,-1.2227487673153838,0.008304632791665626
ANKRD45,1.9176433599528456e-54,1.6653730025675628,1.151397567282583,0.008325408095512708
NEK7,1.0952115393689802e-52,1.7854170407573768,-1.3997102183735528,0.008343994237570367
P2RX7,2.3701025427338337e-55,1.383385746481121,-1.1880894598061928,0.008563351007397897
HLA-DRA,2.3149163133879803e-49,1.828110674498415,-1.7943820686978178,0.008703973401654522
PHKB,1.7869423924748059e-56,2.5716743944191833,-1.0873722441498863,0.008746883498102525
GNG5,5.64604574123319e-56,2.367671056416235,1.157703284303949,0.008848599734882574
TGM2,2.0335877666449027e-50,1.890698137776699,-1.6274106762548648,0.00898806292477466
IGKV1-16,1.4776730703800225e-54,1.5035663288781862,-1.180900907617449,0.00903328305135944
MLIP,1.063946269516359e-53,1.7038684020583759,1.150014911670283,0.00903336826672369
MBOAT2,1.0113389527208992e-56,1.2668584520993385,-1.0224756965902415,0.009075772690250677
P2RY12,5.13633434584639e-56,1.2106589332506275,-1.0635936761481055,0.009289567450309495
ACYP1,4.897266224674652e-56,2.083324339323301,1.1779536659374266,0.009515173092010805
BAG3,6.915121276303709e-50,2.996742326227441,-1.6457394194795576,0.009698352729139166
RAB3IP,1.2343757612506292e-52,1.3369739306509132,-1.3369739306509132,0.009906088181933425
PYGB,4.213159269867052e-56,2.223153246130103,-1.2167038230041065,0.009917250356219251
PLTP,9.824591727911883e-54,3.05615353385069,1.298858878253899,0.010025529157670457
SLC25A18,2.3597189775073878e-49,1.9360217289396218,-1.6078025026895055,0.010260721075187502
SHISA4,2.9772950863497624e-57,1.875557620676343,-1.0000932797081319,0.010265553753254372
F12,8.834873401380774e-52,1.4350390614912065,-1.4350390614912065,0.010356049115545784
NADK2,2.173142803506675e-56,2.4985888492316235,1.1087883701237153,0.01046593836240874
TRIM47,3.3721181334834405e-55,2.726127856742295,-1.1527616392375144,0.010556308532162157
NKIRAS1,9.601890750226856e-54,1.1964841098192487,-1.1964841098192487,0.010560691262128791
CDK6,8.789784937780299e-54,2.549308979941994,1.2852111136136308,0.010653393864953078
MYO1C,1.3392694048022622e-56,1.641146875871712,-1.063283575769507,0.010709401090181736
EZR,3.398810768345252e-53,1.4209270779154828,1.4209270779154828,0.010793981764740031
GBP2,4.863392593412558e-55,2.5706735997605996,-1.179582439428021,0.010875754887829867
RRM2B,6.536765487143731e-57,1.4824685044176569,-1.0664185020438985,0.010994205783154444
PLS3,3.0147857953711134e-52,1.5017162615421142,-1.4186859488922856,0.011117030305467755
GPR17,2.4933952744512696e-55,1.3305144152404473,-1.043645349242876,0.011118283680882787
MAP1LC3A,1.8833229502185003e-51,3.5027260154622617,-1.613893325771695,0.011395491732301356
ANK2,7.19944569789805e-51,3.5112871553539833,-1.5499744782307125,0.011541043025829745
HPX,1.3252878650106551e-55,1.3039925135570272,-1.3039925135570272,0.011603454877538626
CYBB,5.213781132754101e-52,1.3453389673770495,-1.3453389673770495,0.011648307006490392
GNB5,6.539375605966781e-53,1.2862920791852588,-1.28553570103956,0.011766070983133243
C3,7.003475731247929e-56,1.2295463303287661,-1.2295463303287661,0.011839611997968558
NCDN,1.0266962302502195e-51,2.258053217102745,-1.4031917349142837,0.01188230879686456
S100A1,1.0679545369403142e-56,1.3134622901874629,-1.0426303778108839,0.01188230879686456
SERPINA4,1.0820182452990034e-53,1.2944433399752704,-1.2944433399752704,0.011929243085834004
KANK2,3.555987381125784e-54,1.2387790507589216,-1.1439358040568806,0.011932382872180323
PIK3C2A,1.1276054792361705e-51,1.3416509458198185,-1.3416509458198185,0.01193457848936963
VCAN,1.6494808144341704e-47,2.5839778728524365,-1.99408915598395,0.011948106782976895
H1-5,2.175289544925533e-55,4.0063467066137655,1.2864115446471978,0.011948106782976895
IQSEC1,4.1521590458902915e-54,2.1714800509391843,-1.17425556333869,0.012060066272023896
SERPINA1,3.555987381125784e-54,1.432986464497482,-1.432986464497482,0.012186477952411194
PYCARD,1.1133590618658625e-54,1.1443364962820084,-1.1443364962820084,0.01218779837433073
NCEH1,7.285578577108828e-56,2.7548745741691327,-1.1050151561520813,0.012249802408806113
NIBAN1,5.569337588544554e-55,1.1830710205151505,-1.096991760002215,0.012257180508773497
ASAP3,4.704467358906593e-55,1.3258475024143337,-1.0506479923178809,0.012316846091119051
ADGRL3,1.8678542652234733e-55,1.5617600211103984,-1.0326712642633247,0.012473739933123973
NT5E,1.5488188462246726e-53,2.4543989454180846,-1.2823369124073452,0.01258490645441555
PTMA,1.9088519258341513e-56,3.0805648815249,1.0712641127783904,0.01258490645441555
ARFGEF3,1.5871945744518942e-54,1.3647909068678175,-1.0253701690899355,0.012956849241691562
RAP2A,4.4220444164129915e-56,1.5005571493183538,-1.047772432619297,0.01333501503077322
ITGB2,1.2070695144655387e-54,1.187052069372605,-1.116569366610058,0.013409022952280069
ARHGEF26,2.321710183899034e-55,1.229990117576346,-1.036993022839276,0.013527569076254797
IGHV3-15,9.342213027465095e-55,1.407671650374887,-1.1201519408709082,0.013691333387293449
ADGRG1,3.414265258570994e-51,1.431665285189883,-1.431665285189883,0.013817067113017431
RHOB,6.552406520113769e-52,3.9709103012455174,-1.4066370285282446,0.014472419390976375
SERPINF1,4.409873355522381e-50,3.126599693217379,-1.5551379407325925,0.01466554951439732
PTPRG,9.223024992711176e-56,1.6590936081933485,1.0375837430599084,0.015393674264306427
CAPN5,3.086203005119479e-53,1.4938521150765958,-1.2671040999150307,0.0154284850277288
FGF2,2.0895514928875686e-55,1.8433668497760003,-1.1167109254494108,0.0154284850277288
IGKV4-1,3.086203005119479e-53,1.3235994829895752,-1.3235994829895752,0.015445072125621474
CRIP1,8.7863965859655e-51,1.5024902648166503,1.5024902648166503,0.015465516027526213
CSRP1,7.887903460670584e-51,3.277541589654696,-1.5904457340123201,0.015562824139029222
MYO5A,1.875064062799432e-51,1.5189416065547334,-1.3395652139311274,0.01563535503004156
PDIA4,1.355965996007405e-57,1.3373003727022947,1.0019508852460923,0.016044949899686346
IGLV1-40,2.345086475944055e-53,2.339045836884843,-1.2735319101048113,0.016063571273197245
PTMS,2.084673389764004e-57,2.3208084202452426,1.0134238224516743,0.016486205238231626
PREX2,9.082009836763794e-55,1.2445653987359577,-1.04982842090174,0.016489585221299015
IGKV3-20,1.0534457888610556e-54,1.634642522191637,-1.2888119183787268,0.01666760838801724
CPE,3.467641957533792e-54,1.1411223049160455,-1.1411223049160455,0.016730748188959473
CD36,6.0082494508057394e-49,2.6895099080898994,1.6030674913358638,0.016756766402789194
PTPRC,8.191430497634229e-55,1.067886142795743,-1.067886142795743,0.016941024071146605
GC,1.6222531702680154e-52,1.386311472351906,-1.3743993387113385,0.017142654549254774
SFXN3,2.9058719312288046e-55,1.480544078894848,-1.119423457913392,0.01728553861773147
ARVCF,4.427736333988445e-53,2.7560529357597368,1.187291540610218,0.017287004326627723
TMT1A,7.55688179110249e-55,3.695106304479868,-1.2226167624353792,0.017301271495397192
UCHL3,1.8051519170786994e-53,1.3232432097780418,-1.103728167506084,0.017500994893344383
KLKB1,2.9595862847879894e-53,1.3811588509089816,-1.1495829498164092,0.017676245861898244
ZCCHC24,3.09215267779358e-53,1.379079809129287,-1.0704668041172347,0.017867668462224658
PARD3B,1.937066803022298e-41,2.268795580249428,1.7269080954551121,0.017929775322427375
ALAD,8.21094854282254e-57,2.124630771764167,-1.0296363865049685,0.01817605192931883
DNAL1,2.5893310002719878e-52,1.7379269491636364,1.0922269949206687,0.018294794042822343
EVL,3.3440216615537916e-51,1.2578144520228278,-1.1777354837401894,0.018489846196999386
NNAT,1.070020210950255e-54,2.0475854944626484,1.0198004042336635,0.018810344152751703
TSPAN6,1.811939205742968e-53,1.185953172497662,1.1195671115694736,0.018815848720853314
SOD2,2.183508167673271e-56,1.876432362638102,-1.0812999326470418,0.018874362862904465
LAMA1,4.799259785337025e-55,1.0009498236880177,1.0009498236880177,0.01912143955020888
FKBP9,2.214236783959268e-55,1.1438168087392668,1.0463209233192643,0.019238125594329566
ATL1,7.405734241232181e-54,1.7622513435006013,-1.1290191858507335,0.019250313132038187
IFIT1,6.74613401152294e-56,1.0083876829285288,-1.0083876829285288,0.019541245756815696
MAP2,4.811911738925724e-50,1.7426857576265498,-1.4548312524513562,0.019650620361484548
GGH,1.8151168718591498e-48,1.6678848152874544,1.6678848152874544,0.01969127493037682
AFM,1.5436666554973793e-50,1.42327534191638,-1.42327534191638,0.01978198606702301
FMO1,5.1789917657947087e-42,2.4206465719147765,1.8576209731735034,0.02006907083823324
MYH14,1.8021736069869036e-53,1.410734251466831,-1.134954972680422,0.020220306467572363
KNG1,3.1135913281990134e-55,1.105499124475461,-1.105499124475461,0.020280268061391604
NXN,2.6961338612353156e-50,2.784002251795119,1.3822760479445044,0.020332866235274964
LAMA5,2.833649108161501e-48,1.5672362451940813,-1.5672362451940813,0.020557213455315203
CHDH,1.1768519567793432e-53,1.776506254063218,-1.1248340167779034,0.020656132606050526
IGKV1-17,3.9497030283313764e-50,1.406166772300434,-1.36142028545909,0.021388441431851684
SQOR,7.613783785714994e-54,1.6438048520123125,-1.1058982271360946,0.021899181024655344
FABP7,9.08518456756275e-49,3.2928493370025578,-1.775627487282943,0.021961462895749396
SERPINB8,3.5030270634743773e-54,1.2380178278771758,-1.0510080223097766,0.022573366651970708
PHLDB1,4.5956575887770695e-52,2.335090741578739,-1.1819453437008605,0.022935678665914064
MACROD1,1.157658469645291e-55,1.036743599176539,-1.036743599176539,0.023327919574202764
CTSC,2.828164666693926e-53,1.1804405439701853,-1.1804405439701853,0.023594700756968078
LIN7A,7.00822551031269e-54,1.863770500549716,-1.1416521645928128,0.023594700756968078
LRP1B,3.8411178864779074e-51,1.3723081862626287,-1.077742632442039,0.02465276898332572
CFB,5.026178337937726e-53,1.2115286965727776,-1.2115286965727776,0.024795701105575742
TUBA4A,9.439624066056186e-46,2.8678630525962667,-1.9766201171399338,0.025069100190638967
C1QB,1.2818248036814398e-52,2.3006188555031386,-1.254703296498512,0.025379191871596794
RND2,1.2607870757198787e-49,1.575605434956497,-1.207412316617738,0.025562867921038027
ENO2,9.36998881705982e-55,2.1074461256353167,-1.1632778581933856,0.025562867921038027
CRYL1,2.0886765812085054e-53,3.222960791261368,-1.2245070844171373,0.025745699094395603
CAVIN1,1.9509627042104926e-52,1.2541724822324056,-1.1963477250781693,0.026391585074682568
S100A13,1.5936356305204407e-51,3.4239690152928013,-1.391356087947198,0.02646539720166775
LMOD1,3.074789880700938e-50,1.9844708237817947,-1.2937539485704264,0.026528784148565444
ITIH1,2.1896819907271945e-49,1.4904558233929386,-1.4904558233929386,0.02749596089806321
SERPING1,6.4816839177853915e-56,1.0353687181603881,-1.0353687181603881,0.027976232555064436
IGHV3-72,6.362782355588069e-54,1.0145250367789735,-1.0145250367789735,0.027976232555064436
A1BG,5.4743413802918595e-53,1.252756265097723,-1.252756265097723,0.028582442258761682
CAMK2B,7.351254685341848e-52,1.2143750792897485,-1.2143750792897485,0.0289725451221576
C1QC,6.335399401483391e-54,2.3030985477613832,-1.1242199001897504,0.0289725451221576
TMEM231,4.15395342544405e-50,2.199047105593774,1.3805995089270624,0.028974697855942998
FSCN1,1.6092495688474898e-49,3.3098629456357678,-1.5445436670520074,0.029149688144061665
NNMT,1.9639542569763446e-49,1.5016230714935723,-1.4338347507369065,0.02982472136760089
CADM2,1.694319803757669e-50,1.4029949397637012,-1.3251370391126542,0.030128897175205137
IGLV4-69,5.646653589665446e-52,1.0944502359828832,-1.0944502359828832,0.030506921178700085
SAA4,4.427736333988445e-53,1.122682304751379,-1.122682304751379,0.03059874083066745
ALCAM,1.1193678129399886e-49,2.5377604491035974,-1.4021261083342864,0.030682835948797095
ACAN,2.364368490074482e-50,1.3069900600127333,-1.3069900600127333,0.031217200946600285
CAMK2G,1.0778147863770582e-52,3.1849498163466023,-1.1754089867603525,0.031232091816233525
IGF2BP1,6.984703395603237e-47,1.3759121521734912,1.317154455294677,0.03161891758843236
APCS,1.3965780096625308e-52,1.493499339736804,-1.1702443640194566,0.03188108024493551
TPP1,9.789263240388223e-56,1.6923972538470515,-1.0635671639305961,0.03217868206408472
C1S,5.555158893853285e-54,1.2046031148311016,-1.0173317117273548,0.032250875331837466
CALCRL,8.000138824694342e-53,2.564059107558773,-1.0960862834251053,0.03232312688913635
PLP1,1.951346041591928e-41,2.8365646570738825,-2.431943411590492,0.032664926886866515
ASRGL1,7.637689158697702e-54,3.3435329844191166,-1.0834970308121257,0.03282241665188641
DIABLO,5.934326621383968e-53,1.3768716188703891,1.0590457738137005,0.03290789195472808
SYP,1.3003880151774345e-44,2.7829038683956355,-1.874181998738493,0.03314384249404807
PLG,1.7072220553934418e-53,1.4360721908904281,-1.118761565578751,0.033722324903282024
IGFALS,4.893219742905169e-52,1.1242498647029215,-1.1242498647029215,0.03408991496925685
GSTM4,4.16695565897036e-54,1.408324036864805,-1.0250449909918657,0.034553342150687436
MGLL,8.782900210710417e-53,1.6623664135526717,-1.0917885709206558,0.03536862197218144
CDC42EP1,3.290184899616229e-54,1.4935103176814728,-1.0111909469040086,0.03686640879972185
PIPOX,3.9331459356238444e-50,1.3089081546483392,-1.3089081546483392,0.03694239168039566
PLD3,1.2002649202039412e-50,2.0009132572895965,-1.281117249486769,0.03713963502000551
ELN,2.5868919565907297e-52,1.4372570089043215,1.0902172067151916,0.037260059704626425
ARSA,1.9407758171245933e-53,1.9827621174976322,1.02374067495413,0.03776176226788889
FCGBP,2.9199306883435856e-49,1.6954573942576303,-1.276454107868524,0.03784524863839582
SH3GL2,4.1886588717908604e-48,1.5290702926771012,-1.5290702926771012,0.03822713740008839
EMILIN1,1.911546938823115e-48,1.5083729982247434,-1.338555465974057,0.03839620164922882
NHERF2,9.893758887828155e-52,1.953149257576559,-1.0795172930487382,0.039187317780234016
CD44,7.794035766224432e-51,4.486968996775552,-1.3639356026522655,0.03981034493943208
GPD1L,4.943087135350994e-54,1.3015688065836102,-1.0096360388428458,0.03981034493943208
CHI3L1,1.509594328013513e-42,2.227769718476992,-2.096915668628359,0.04023760601759869
AMBP,9.734268829285236e-53,1.089732849190618,-1.089732849190618,0.04043624277343039
BIN1,9.278058781976357e-54,1.9794329952027674,-1.002394167600464,0.041060553984094736
AZGP1,9.607631201126924e-52,1.1923540688802206,-1.1923540688802206,0.04126702593183175
CADM4,3.339392402975706e-50,3.5544424696654495,-1.288095125719888,0.04145904186734804
SIRPA,2.6920534173180084e-50,4.275741383017213,-1.2341805146894593,0.04145904186734804
BDH2,7.978930356856977e-52,2.6803705851022777,-1.2149542029348268,0.04145904186734804
DMXL2,2.6320805822443703e-50,1.7136845031584045,-1.1726789112318272,0.041631963543570315
IGKV3-7,6.478582271160255e-50,1.3255732292710576,-1.066672720503469,0.0416461301659617
JAM2,2.0848533103009353e-54,1.789361902020822,-1.0024852797295267,0.04218406748696822
IGSF8,7.133616898844393e-50,1.5715951941360693,-1.2704124652031723,0.04230769027629728
ABLIM1,9.04678401878257e-53,2.505823183245397,-1.0566354586884614,0.04250320907756688
PALS2,1.4191025273575146e-52,1.3718994691526483,-1.0705445390522605,0.04291013528240459
ADCYAP1R1,4.0335329836244943e-53,1.311300765072854,-1.0393928374628416,0.04291013528240459
PPP1R1B,4.8101873048557595e-51,1.7455417389159251,1.1817145442843398,0.04298887957438836
ACSS1,4.021102287652919e-49,2.1657775275156936,1.3327460596192822,0.04304886772605049
TINAGL1,6.995368213279001e-51,1.2048175426083638,-1.1859833326702578,0.044016874459276455
PODXL,1.1442099796328926e-51,1.6851635114534922,-1.0973836149337366,0.044272973104204
MAOA,5.006144086727303e-53,2.8679034126862177,-1.079604352057629,0.045417417427493716
IGHV1-18,6.849536376019166e-53,1.4388336881117496,-1.0213945302207001,0.04670947871579208
TYMP,3.1865550654996746e-52,2.790643388058033,-1.074628553127571,0.047179328473556735
TNXB,2.867895523183458e-47,1.3935832885208228,-1.3935832885208228,0.04768596348689678
HLA-DRB1,1.192052642931183e-51,1.2021644609122042,-1.1173275824790956,0.04768596348689678
CALB2,3.641106204321617e-49,1.358259049573281,-1.2892012589406185,0.048278070579554216
IGLV1-47,8.75631935345164e-54,1.0978441342418321,-1.0765492828834553,0.04864140690911983
RAP1GAP,2.551720417863405e-51,1.2340457256246609,-1.0467615453925347,0.04951466839259961
CPQ,2.7353160743682245e-49,1.3651813147987077,-1.2693520033777546,0.04992361389112024
