"C1_vs_C2.ID","C1_vs_C2.logFC","C1_vs_C2.AveExpr","C1_vs_C2.t","C1_vs_C2.P.Value","C1_vs_C2.adj.P.Val","C1_vs_C2.B","C1_vs_C3.ID","C1_vs_C3.logFC","C1_vs_C3.AveExpr","C1_vs_C3.t","C1_vs_C3.P.Value","C1_vs_C3.adj.P.Val","C1_vs_C3.B","C1_vs_C4.ID","C1_vs_C4.logFC","C1_vs_C4.AveExpr","C1_vs_C4.t","C1_vs_C4.P.Value","C1_vs_C4.adj.P.Val","C1_vs_C4.B","C2_vs_C3.ID","C2_vs_C3.logFC","C2_vs_C3.AveExpr","C2_vs_C3.t","C2_vs_C3.P.Value","C2_vs_C3.adj.P.Val","C2_vs_C3.B","C2_vs_C4.ID","C2_vs_C4.logFC","C2_vs_C4.AveExpr","C2_vs_C4.t","C2_vs_C4.P.Value","C2_vs_C4.adj.P.Val","C2_vs_C4.B","C3_vs_C4.ID","C3_vs_C4.logFC","C3_vs_C4.AveExpr","C3_vs_C4.t","C3_vs_C4.P.Value","C3_vs_C4.adj.P.Val","C3_vs_C4.B"
"5293",-0.473000547633024,17.0458464115704,-1.45725177381609,0.153015604240287,0.287185444743695,-5.40124076181167,"5293",-0.409679427437812,17.0458464115704,-1.03055571349674,0.309069151333789,0.480265961609794,-6.4667741885618,"5293",-1.06361581573697,17.0458464115704,-2.07246751215676,0.0448471178029969,0.16306752644191,-4.52622056541956,"5293",0.0633211201952122,17.0458464115704,0.195083949027657,0.846335361008272,0.883393286517537,-7.23677457360706,"5293",-0.590615268103946,17.0458464115704,-1.28665650800971,0.205764587069162,0.321577136211191,-5.89825764605123,"5293",-0.653936388299158,17.0458464115704,-1.27420248901441,0.210097834866711,0.434802615745408,-5.92090081831089
"4781",1.5327546121526,21.247514495639,4.06771688715725,0.000222271701537046,0.00285033688689806,0.43001794497502,"4781",-1.36384117243364,21.247514495639,-2.95526380218878,0.005265178046554,0.0207893112559813,-2.99337885328155,"4781",1.06964378266783,21.247514495639,1.7953422596394,0.0803153571293894,0.239694403484853,-5.01726135489911,"4781",-2.89659578458624,21.247514495639,-7.68716107249716,2.41371356579743e-09,2.68736132471052e-08,11.070835151638,"4781",-0.463110829484766,21.247514495639,-0.869056527140039,0.390108888609271,0.515331240528917,-6.33948426441782,"4781",2.43348495510147,21.247514495639,4.08447975754475,0.000211327505118063,0.0026450468777849,0.281275739680139
"8613",-1.46579524718035,21.6809869194786,-4.81078817731142,2.25026382992065e-05,0.000639988401133372,2.5934671431338,"8613",-0.151286551649193,21.6809869194786,-0.405412952870877,0.687379330044642,0.809054343598948,-6.91624545263484,"8613",-0.0142663651205126,21.6809869194786,-0.0296132624947573,0.97652582012417,0.990680958029873,-6.57355698849595,"8613",1.31450869553116,21.6809869194786,4.31426074248709,0.000105120008261123,0.000391897759545849,0.506247808752222,"8613",1.45152888205984,21.6809869194786,3.36863230904206,0.00170573141746239,0.00964510530838726,-1.69077435371445,"8613",0.13702018652868,21.6809869194786,0.284418260466379,0.777587705677757,0.889357230563153,-6.68401931999437
"8829",-0.38356810306384,19.5132103791891,-1.15906240286616,0.253446204621631,0.404233327471203,-5.77423924227781,"8829",0.28494067084177,19.5132103791891,0.703028848991458,0.486194378413607,0.650605939993198,-6.74987895894093,"8829",0.236453594318224,19.5132103791891,0.451897823509749,0.653834444454846,0.818738492008446,-6.47155866625753,"8829",0.668508773905611,19.5132103791891,2.02009338010878,0.0502485189974223,0.084138076840627,-5.27588038640697,"8829",0.620021697382064,19.5132103791891,1.32481801101103,0.192906725135236,0.306315405169136,-5.85002057327599,"8829",-0.0484870765235463,19.5132103791891,-0.0926659812997079,0.926641135931214,0.963602790186836,-6.72052930361366
"8821",0.334926409558644,18.7084060200803,1.11564562731821,0.271369856198413,0.424937740366311,-5.82198204467315,"8821",0.561951214276863,18.7084060200803,1.52837476433462,0.13445337150951,0.264219366476441,-5.84599738968593,"8821",-0.717070850110396,18.7084060200803,-1.51066767956233,0.138896884396818,0.343122472167044,-5.4589727232994,"8821",0.227024804718219,18.7084060200803,0.756223526864945,0.454038277013898,0.53738152069321,-6.96650047986231,"8821",-1.05199725966904,18.7084060200803,-2.47785839993444,0.0176326037934006,0.0536258913674359,-3.83795717205682,"8821",-1.27902206438726,18.7084060200803,-2.69454168136866,0.0103268743262302,0.051860046332336,-3.3619657553372
"26037",-0.396778071667729,19.4701755178484,-1.74937521050602,0.0880563448305205,0.193528577295845,-4.96282414603415,"26037",0.334559502563689,19.4701755178484,1.20437864356682,0.235668498744735,0.396809942933325,-6.27538648861718,"26037",0.595066677029074,19.4701755178484,1.65932299730632,0.105035565684818,0.28490525253035,-5.2365392522666,"26037",0.731337574231418,19.4701755178484,3.22443177742804,0.00254660581084435,0.0064629473294455,-2.55381048870574,"26037",0.991844748696803,19.4701755178484,3.09217458349126,0.00365228627706166,0.0173695237265888,-2.4007267132114,"26037",0.260507174465385,19.4701755178484,0.726415311493878,0.471901869539982,0.701442753041965,-6.4599246571823
"8997",-0.132324223225815,18.5163617375376,-0.531653566990747,0.597967637370062,0.72674509767104,-6.29339614145307,"8997",-1.3280609039907,18.5163617375376,-4.35674098441265,9.22802861021118e-05,0.000771688855395389,0.857736766985242,"8997",0.0679737470839505,18.5163617375376,0.172727141432882,0.863755103698902,0.935041951788937,-6.55899809478307,"8997",-1.19573668076488,18.5163617375376,-4.80424260965019,2.29699455989331e-05,9.71740334800227e-05,1.99112556144344,"8997",0.200297970309766,18.5163617375376,0.569050657362746,0.57256965625594,0.680474281173019,-6.55453598868046,"8997",1.39603465107465,18.5163617375376,3.54744419670678,0.00102718750144099,0.00909274606437362,-1.22004903316757
"8455",-0.53084281299358,19.3653357007542,-1.8896039806841,0.0662266813497253,0.157349993529434,-4.72817684137661,"8455",0.437123938806302,19.3653357007542,1.270468245872,0.211410404813111,0.365829149292567,-6.19535857029633,"8455",0.107200640627116,19.3653357007542,0.241341623357946,0.810548953417282,0.907713534281638,-6.54472466032328,"8455",0.967966751799882,19.3653357007542,3.4456034490817,0.00137301680694967,0.00380510446499078,-1.9684156334758,"8455",0.638043453620696,19.3653357007542,1.60597992631308,0.116309118582311,0.214028150626323,-5.45567693203256,"8455",-0.329923298179185,19.3653357007542,-0.742758848271577,0.462057998056881,0.693043241499042,-6.44795370195916
"23576",-0.276061202803962,23.8625544581298,-0.716425080079819,0.477977745846215,0.625366009994649,-6.1793247857654,"23576",2.93634283758689,23.8625544581298,6.22195028229442,2.50051188068374e-07,5.56186594204744e-06,6.64431775160855,"23576",3.89643023445876,23.8625544581298,6.39532037284612,1.43545076756194e-07,1.87424196810076e-05,7.39088577972389,"23576",3.21240404039085,23.8625544581298,8.33672677837335,3.26418765457029e-10,4.85822748070112e-09,13.0675356243972,"23576",4.17249143726272,23.8625544581298,7.65677457812317,2.6532784701806e-09,3.90848328491989e-07,11.2348739957523,"23576",0.960087396871867,23.8625544581298,1.57581840799476,0.123108748960106,0.307638000337454,-5.50828323416798
"10659",-0.46175506252019,21.5502977896172,-1.75157483023446,0.0876721706470672,0.192905637827423,-4.95926149706448,"10659",-0.366926076225926,21.5502977896172,-1.1364490696804,0.262671976063415,0.428464083612811,-6.35350012025496,"10659",0.462986277985646,21.5502977896172,1.11074699116529,0.273447449746229,0.507742598187488,-5.9632134335083,"10659",0.0948289862942637,21.5502977896172,0.359714660545639,0.720992206471757,0.781604974568878,-7.1902690475813,"10659",0.924741340505836,21.5502977896172,2.48040332923894,0.0175245916864881,0.0534378194132458,-3.83245683063662,"10659",0.829912354211572,21.5502977896172,1.99103665530232,0.0534828943891994,0.171461622916267,-4.81725069722716
"3949",-0.301010999883804,19.1150846986168,-1.41767096644337,0.164191067077647,0.301462985094626,-5.4551927003642,"3949",-0.314923459674443,19.1150846986168,-1.21102320003121,0.233140752670086,0.393177402712695,-6.26751949126066,"3949",-2.54303246205181,19.1150846986168,-7.57486641844011,3.42568080206245e-09,1.03581769514993e-06,10.9925520548593,"3949",-0.0139124597906388,19.1150846986168,-0.0655234869310855,0.948090400863479,0.961965452493785,-7.25399378502419,"3949",-2.24202146216801,19.1150846986168,-7.46651336219283,4.80773067692606e-09,5.75425265394588e-07,10.6556907701882,"3949",-2.22810900237737,19.1150846986168,-6.63681188132177,6.63679925280567e-08,4.71360599744583e-06,8.09457062548671
"1277",-0.806088714592963,23.3274525764508,-0.907950973268084,0.369455078474088,0.526941267585312,-6.02650595960402,"1277",-2.73707107280126,23.3274525764508,-2.51721321324361,0.0160282535891607,0.0514426351227531,-4.01453560976151,"1277",-1.0324113087206,23.3274525764508,-0.735465501729561,0.46643607795691,0.68551426652915,-6.30383611557588,"1277",-1.9309823582083,23.3274525764508,-2.17499299985117,0.0357284765114844,0.0630599378059839,-4.97797931485303,"1277",-0.226322594127641,23.3274525764508,-0.180257138303856,0.857879815980144,0.901668412514806,-6.70109944094103,"1277",1.70465976408066,23.3274525764508,1.21435946901959,0.231879113056297,0.466437501578581,-5.99328017708089
"1281",0.0339745571442798,21.4432325529684,0.0554824986114185,0.956036037856665,0.974719384603834,-6.43260973467133,"1281",-2.39239745528131,21.4432325529684,-3.18999431273546,0.00279914906906811,0.0124950360542318,-2.40349630546604,"1281",-1.6505172301534,21.4432325529684,-1.70471689193265,0.0961658580213704,0.269762135904674,-5.16500518031197,"1281",-2.42637201242559,21.4432325529684,-3.96241167290251,0.00030477229697375,0.00100975596661718,-0.525198568382356,"1281",-1.68449178729768,21.4432325529684,-1.94516347738209,0.0589565585416765,0.128460347058827,-4.89325155626389,"1281",0.741880225127911,21.4432325529684,0.766242077611516,0.448124358085682,0.683246931316943,-6.43030034533393
"2064",0.936207433170054,18.5446556775891,3.95147551015302,0.000314880060593358,0.00355399989805273,0.103073883525621,"2064",1.14999167950105,18.5446556775891,3.96311138298516,0.00030413643506171,0.00207021779553261,-0.292948046579935,"2064",1.41179372676706,18.5446556775891,3.76867297345097,0.000540736844612838,0.00832677584570716,-0.498329448053585,"2064",0.213784246330992,18.5446556775891,0.902324830911686,0.372398262240689,0.456070777355096,-6.84501591106764,"2064",0.475586293597004,18.5446556775891,1.41938934787954,0.163692969606257,0.271522292314241,-5.72496144099296,"2064",0.261802047266013,18.5446556775891,0.698860096357652,0.48876739798437,0.715406038578397,-6.47952046481742
"3690",-1.03917205823529,20.4652186581474,-2.07202089779593,0.0448909399795773,0.118031327314724,-4.40074928509422,"3690",-1.4907536081735,20.4652186581474,-2.42698398306888,0.0199228382866998,0.0607845188582468,-4.21054853980878,"3690",-0.614954102522308,20.4652186581474,-0.775495655916817,0.442702587296287,0.668944335617351,-6.27386023452429,"3690",-0.451581549938204,20.4652186581474,-0.900415288417212,0.373400615728313,0.457103459910325,-6.84673656923452,"3690",0.424217955712983,20.4652186581474,0.598109526148848,0.553208762575054,0.663227116234075,-6.5375442799262,"3690",0.875799505651187,20.4652186581474,1.10443805367077,0.276139780949095,0.516918553780565,-6.11778572323708
"5054",-0.530617145527231,20.2785721446912,-1.55575690515319,0.127807455826125,0.251026951699518,-5.26123578496628,"5054",-0.152012252826179,20.2785721446912,-0.363909525892698,0.717882039014775,0.830209902449165,-6.93242238559863,"5054",-1.67473600145992,20.2785721446912,-3.1055377323404,0.00352272917935119,0.0302060882617501,-2.24718747024714,"5054",0.378604892701052,20.2785721446912,1.11006057966556,0.273739468215969,0.352450301412089,-6.63715894782539,"5054",-1.14411885593269,20.2785721446912,-2.37201048059022,0.0226978939012793,0.0640783294657737,-4.06305451482297,"5054",-1.52272374863374,20.2785721446912,-2.82365462567867,0.00742649615091005,0.0409559066453911,-3.06124107557355
"1290",-0.163014960978284,20.4549648822629,-0.368942795714966,0.714156663162409,0.815185779826751,-6.36623654453237,"1290",-0.70555112806036,20.4549648822629,-1.30381037036063,0.199906962424128,0.352831182527379,-6.15349184113765,"1290",-1.59400674083098,20.4549648822629,-2.28166415306982,0.0280225854677615,0.120607667013065,-4.11855572461689,"1290",-0.542536167082076,20.4549648822629,-1.22789226865139,0.226813188839187,0.30121168975523,-6.50136224646501,"1290",-1.4309917798527,20.4549648822629,-2.29009612132432,0.0274820658095056,0.073434636314237,-4.23221722555993,"1290",-0.88845561277062,20.4549648822629,-1.27173698286597,0.21096376043898,0.436280346912145,-5.92394615589715
"2534",-1.12689060016975,20.5386225005456,-3.59975188275107,0.000883791092495623,0.0072499955632938,-0.861008248356116,"2534",-0.506310941715352,20.5386225005456,-1.32057324631857,0.194305895095841,0.345872913240393,-6.13206785340989,"2534",-0.12199490582724,20.5386225005456,-0.246469113496391,0.806605870303942,0.906780830117667,-6.5434685666565,"2534",0.620579658454396,20.5386225005456,1.98238657202547,0.0544799977880405,0.0899648138235966,-5.34571190113438,"2534",1.00489569434251,20.5386225005456,2.26984812081631,0.0287960446255475,0.0759451017438977,-4.27333724874088,"2534",0.384316035888112,20.5386225005456,0.776442524591383,0.442150012154184,0.67737381862021,-6.4224661782036
"302",-0.115327934697977,24.9949882852838,-0.278314199024517,0.782234737753518,0.860248577410789,-6.3954732769907,"302",1.60755920892626,24.9949882852838,3.16754065066235,0.00297640986096864,0.0131231578290597,-2.46109023939961,"302",-0.439038744849736,24.9949882852838,-0.670090857759685,0.506730336218192,0.717389300535612,-6.34946484520109,"302",1.72288714362424,24.9949882852838,4.15774336584761,0.000169352842422239,0.00060206193051718,0.0432364193131853,"302",-0.323710810151759,24.9949882852838,-0.552386497095161,0.583821248337649,0.68885871261035,-6.56390469334134,"302",-2.046597953776,24.9949882852838,-3.12365729544974,0.00335398032091231,0.0221988674465913,-2.32797402741874
"1278",-0.710443570096743,23.3418940390758,-0.881732605253457,0.383298833961097,0.539850895098431,-6.04947634439393,"1278",-2.29949010351991,23.3418940390758,-2.33020016123869,0.0250370325754552,0.0730882886920682,-4.41491216399233,"1278",-0.515931928743168,23.3418940390758,-0.404976398305362,0.687697546348048,0.840600511440326,-6.49168435660221,"1278",-1.58904653342317,23.3418940390758,-1.97216809153948,0.0556786045208507,0.0915231997059478,-5.36445124164828,"1278",0.194511641353575,23.3418940390758,0.17070172642109,0.865336786880396,0.90619027353771,-6.70279300755164,"1278",1.78355817477675,23.3418940390758,1.39998888525609,0.169385580586595,0.377032220251835,-5.75839710820824
"307",0.140777478508774,22.8078097745708,0.364420060446836,0.71750384723486,0.818193648742412,-6.36788848080088,"307",1.62982094949481,22.8078097745708,3.44479482420332,0.00137616488402699,0.00704013112977296,-1.73394546647276,"307",-0.385382141664039,22.8078097745708,-0.630943797199497,0.531740821572134,0.735003111864914,-6.37480248423142,"307",1.48904347098604,22.8078097745708,3.85457473349247,0.000419869585374187,0.00134531554265182,-0.834067658761414,"307",-0.526159620172812,22.8078097745708,-0.963100506202328,0.341403840843854,0.467189557454232,-6.254257528739,"307",-2.01520309115885,22.8078097745708,-3.29927039424769,0.00207036453891953,0.0153871206676491,-1.87831729713371
"5159",-0.603656502869757,19.7842278575292,-1.99072127622015,0.0535189685598272,0.134137295714243,-4.54970242779363,"5159",-0.654677337881882,19.7842278575292,-1.76279679774659,0.0857339931140543,0.189006344909726,-5.47930009054439,"5159",-0.727843386432323,19.7842278575292,-1.5180585090088,0.137028105092378,0.339761097866083,-5.44834839709594,"5159",-0.0510208350121246,19.7842278575292,-0.168255061125497,0.867248178899741,0.900448839071653,-7.24174432861548,"5159",-0.124186883562565,19.7842278575292,-0.289588496115225,0.773658043054859,0.83814170419577,-6.6751761957484,"5159",-0.0731660485504406,19.7842278575292,-0.152601980924746,0.879495330950907,0.938640289116285,-6.71310108450001
"3915",-0.82087342769762,21.9075355289607,-1.70936419129864,0.095293983867514,0.204201394001816,-5.02696125275721,"3915",-0.669353640055149,21.9075355289607,-1.13806850392713,0.262003374832734,0.427737819952843,-6.35168715236042,"3915",-1.09431800126601,21.9075355289607,-1.44122551926095,0.157466000786897,0.369885166040657,-5.55653661187915,"3915",0.151519787642471,21.9075355289607,0.315520627821589,0.754040925061336,0.807599760342538,-7.20545126845473,"3915",-0.273444573568394,21.9075355289607,-0.402636104802737,0.689404427295946,0.77659381074808,-6.63575127027113,"3915",-0.424964361210865,21.9075355289607,-0.559681446750362,0.578882562555836,0.782144948702559,-6.56715858165819
"1301",-0.178935545642691,21.0456225688473,-0.420617024305577,0.676332912518664,0.786503139660023,-6.34592782628354,"1301",-0.995252745844958,21.0456225688473,-1.91019621221307,0.0634471846531238,0.150249000755233,-5.22598692707913,"1301",-2.21834395547526,21.0456225688473,-3.29798825695026,0.0020777576532187,0.0206875523704358,-1.75840682679764,"1301",-0.816317200202267,21.0456225688473,-1.91888598995402,0.0623046318986968,0.100743065088098,-5.46087337565554,"1301",-2.03940840983257,21.0456225688473,-3.38984181559943,0.00160706662210213,0.00919699571037725,-1.63491028638084,"1301",-1.2230912096303,21.0456225688473,-1.81835663337232,0.0766604314436788,0.221424926417262,-5.12115630245818
"2152",-0.989225910085189,22.3156163851416,-2.24167750561471,0.0307175499811352,0.0889925994158456,-4.07481565794955,"2152",0.332184564911408,22.3156163851416,0.614626767546019,0.542354344155613,0.697677050419615,-6.80846283159752,"2152",1.28673091240154,22.3156163851416,1.84414634038022,0.0727330615246328,0.2249251193694,-4.93501987516389,"2152",1.3214104749966,22.3156163851416,2.99443848698669,0.00474583569157695,0.0111970538185255,-3.13835876818006,"2152",2.27595682248673,22.3156163851416,3.64692365422732,0.000771154921391583,0.00528043506960029,-0.943414190176979,"2152",0.95454634749013,22.3156163851416,1.36805849341241,0.17908898067695,0.389638842993882,-5.80096487297073
"4255",0.0039127407052888,18.8369650583386,0.018037407547603,0.985700553369653,0.992355178454068,-6.4339856104669,"4255",0.181397540135247,18.8369650583386,0.682776890750583,0.498765266755044,0.661311157688614,-6.76397815619829,"4255",-0.214887478751749,18.8369650583386,-0.626518869613389,0.534608209888957,0.737485408891938,-6.37757258255262,"4255",0.177484799429958,18.8369650583386,0.818190087703869,0.418197031679346,0.502098630511566,-6.91749925440901,"4255",-0.218800219457037,18.8369650583386,-0.713223764012868,0.479934088050969,0.599005286954773,-6.46209740229077,"4255",-0.396285018886996,18.8369650583386,-1.15539557502385,0.254926069861523,0.493231553014873,-6.06143656711159
"5578",-2.28330551502995,22.8635822023062,-5.9407089185204,6.15905723193087e-07,7.33558456728322e-05,6.01664730960492,"5578",2.06676899494358,22.8635822023062,4.39056646582341,8.31676028220879e-05,0.000712068372895521,0.958449157610609,"5578",1.36687420327459,22.8635822023062,2.24922442344667,0.0301918701444484,0.126515167016671,-4.18375637367446,"5578",4.35007450997352,22.8635822023062,11.3180326800415,6.43100371847979e-14,3.26956781970499e-12,21.5863246932778,"5578",3.65017971830454,22.8635822023062,6.71542491508093,5.16576568958419e-08,3.41118665363922e-06,8.34146984863509,"5578",-0.699894791668985,22.8635822023062,-1.15169373706349,0.256426384990076,0.494587702642419,-6.06561010130362
"2697",-1.428226645175,22.317017595647,-1.66321872715293,0.104248782466911,0.217547858798548,-5.09934838088646,"2697",0.945350307143535,22.317017595647,0.8988751523545,0.374210323710522,0.545505787799276,-6.59295243776392,"2697",0.437757896556125,22.317017595647,0.322415728401691,0.748851946562768,0.876784818174909,-6.52178448816813,"2697",2.37357695231854,22.317017595647,2.76411146002043,0.00865446435427738,0.0187834898811196,-3.69625091687077,"2697",1.86598454173113,22.317017595647,1.53654498342694,0.132441932139144,0.233541712749964,-5.55932412766632,"2697",-0.50759241058741,22.317017595647,-0.373849970676035,0.71053141584406,0.855813654950085,-6.65434428326983
"4790",-0.576235362913753,19.1372210024621,-2.75687401193072,0.00881594609079966,0.0362286196649814,-2.97049802136757,"4790",-0.172179459669202,19.1372210024621,-0.672593589307173,0.505153487136788,0.666997651942277,-6.7709156530153,"4790",-1.02289940074721,19.1372210024621,-3.09513739512082,0.00362317915089046,0.0308083141051865,-2.27311190467294,"4790",0.404055903244551,19.1372210024621,1.9331184628959,0.0604714955566995,0.0980826487784412,-5.43533048699508,"4790",-0.446664037833457,19.1372210024621,-1.51106449888271,0.13879603291741,0.241197106661175,-5.59634405388324,"4790",-0.850719941078008,19.1372210024621,-2.57414864109031,0.0139423117520904,0.0654935249515611,-3.63367504308225
"490",-0.402052041619722,21.8485397541802,-1.04028546530558,0.304584436838754,0.460241343934413,-5.90078492598623,"490",-0.498003617826782,21.8485397541802,-1.05210025795231,0.299199258029656,0.469901513772655,-6.44457391235166,"490",1.89094762986442,21.8485397541802,3.09442353610122,0.00363017211838926,0.0308083141051865,-2.27488940282357,"490",-0.0959515762070602,21.8485397541802,-0.248268929811273,0.805223000367505,0.850087047060065,-7.22475820019036,"490",2.29299967148415,21.8485397541802,4.19526359583618,0.000151128446767403,0.00154489844604756,0.607345982938829,"490",2.38895124769121,21.8485397541802,3.90937689161918,0.000356917808078037,0.00405235732689391,-0.218448750564909
"594",0.071794211303267,21.5468761448798,0.308871797358494,0.759055521484998,0.846587841376686,-6.38652555529442,"594",0.723364290316042,21.5468761448798,2.5409742407085,0.0151252875942555,0.0491208463702643,-3.96205891351124,"594",0.540989915060521,21.5468761448798,1.47200061440113,0.149008300218866,0.358595465492033,-5.51380431552764,"594",0.651570079012775,21.5468761448798,2.80317337228738,0.00782931412984612,0.0172646588802595,-3.60369753386418,"594",0.469195703757254,21.5468761448798,1.42734137593173,0.161403347729255,0.269220628535285,-5.71409093070187,"594",-0.18237437525552,21.5468761448798,-0.496229569080075,0.622504969261336,0.811888269206285,-6.60078445420074
"493",-0.0955665299030635,22.3415772435877,-0.326532886283814,0.745759142480946,0.836794194053327,-6.38093158562289,"493",2.41967063316062,22.3415772435877,6.75043460706571,4.62077286548006e-08,1.34072424809005e-06,8.31059889143609,"493",2.10705721224958,22.3415772435877,4.55331225441033,5.02899639869775e-05,0.00148925692322261,1.75658402227902,"493",2.51523716306369,22.3415772435877,8.59409305095184,1.496180406116e-10,2.46291015276115e-09,13.84648606493,"493",2.20262374215264,22.3415772435877,5.32165147999386,4.46394467799356e-06,0.000105972570971376,4.00355118303124,"493",-0.312613420911045,22.3415772435877,-0.675551908155209,0.503293062560093,0.729787643717248,-6.49551906262343
"3488",0.207992412024996,20.5047090175481,0.597399689338721,0.553677704552936,0.690400104721474,-6.25660326104666,"3488",0.667952663940749,20.5047090175481,1.56645368176759,0.125284385772089,0.250350885655878,-5.78954294421643,"3488",0.880636652764846,20.5047090175481,1.59972102936862,0.117694360837755,0.306506846334044,-5.32791675000211,"3488",0.459960251915753,20.5047090175481,1.32110642367861,0.194129724206299,0.263720800559279,-6.38497922868803,"3488",0.672644240739849,20.5047090175481,1.36611711194194,0.179692527354117,0.290637342782237,-5.79636945994356,"3488",0.212683988824097,20.5047090175481,0.386351224950389,0.701326788711889,0.853266073941085,-6.64955802836015
"5797",0.553465980200667,19.3091439777899,1.69877726226583,0.0972898258446682,0.207318267610393,-5.04371927767077,"5797",0.879560675491231,19.3091439777899,2.20427453113095,0.0334451267467476,0.0912356377778087,-4.67133961437975,"5797",1.15694974178168,19.3091439777899,2.24589783892573,0.0304225857600332,0.127111094684648,-4.19040209816704,"5797",0.326094695290564,19.3091439777899,1.00089666487589,0.323018436037163,0.404653492157327,-6.75146804682665,"5797",0.60348376158101,19.3091439777899,1.30977319730522,0.197900696854855,0.312174492979446,-5.86919163331284,"5797",0.277389066290446,19.3091439777899,0.538474129017872,0.593296032200681,0.792407643494257,-6.57884031781809
"6717",-0.392079035980228,23.5502465803059,-0.979422428587923,0.333380489802949,0.491833659122618,-5.96062417079543,"6717",1.63158338691932,23.5502465803059,3.32782184625212,0.00191207775316245,0.00921550896973008,-2.04487122708182,"6717",2.97244169746582,23.5502465803059,4.69612625097873,3.2229935718182e-05,0.00116453446981733,2.18190947556265,"6717",2.02366242289955,23.5502465803059,5.0551551676901,1.04107339440408e-05,4.79628440324894e-05,2.76775439830452,"6717",3.36452073344605,23.5502465803059,5.94298500495555,6.11427838494962e-07,2.3574851893648e-05,5.93476673652634,"6717",1.3408583105465,23.5502465803059,2.11840653304279,0.0405351064665004,0.140794550574392,-4.57877451159611
"6541",-0.281406351125153,19.8506259221509,-1.20636968381298,0.234908955250857,0.382201061431938,-5.7202875596301,"6541",-0.0686254738751124,19.8506259221509,-0.240207324937596,0.811421917307708,0.890811946289467,-6.97033610672971,"6541",0.119250243914404,19.8506259221509,0.323322398291027,0.748170494774535,0.876655005604671,-6.52149081314601,"6541",0.21278087725004,19.8506259221509,0.91217699452497,0.367254240211873,0.451020865758275,-6.83608275617105,"6541",0.400656595039557,19.8506259221509,1.21451761465553,0.231819434100206,0.351121183471048,-5.98589635109878,"6541",0.187875717789517,19.8506259221509,0.509386192115095,0.613338695474791,0.80732979392943,-6.59413970854762
"5577",-0.387749831951719,21.3540608747514,-0.715047595614772,0.478818978814282,0.626038924280394,-6.18029727214316,"5577",-1.38306179049927,21.3540608747514,-2.08247255340783,0.0438751891806214,0.112779848699181,-4.90877347487518,"5577",0.00479128241038751,21.3540608747514,0.00558811195090018,0.995569711145438,0.998178920987732,-6.57398234984774,"5577",-0.995311958547546,21.3540608747514,-1.83544998398521,0.0740378365290917,0.116469707245244,-5.60745139712889,"5577",0.392541114362107,21.3540608747514,0.511862702824388,0.611620239982327,0.712296427873194,-6.58554281474487,"5577",1.38785307290965,21.3540608747514,1.61866441560741,0.113542543761643,0.290317569210002,-5.44338295313305
"4363",0.933977509158488,19.2187765191139,3.52778808840853,0.00108664978715357,0.00822503692647862,-1.05303611008984,"4363",0.902612461067143,19.2187765191139,2.78369575161267,0.00823116248453951,0.029917853749702,-3.40641924857433,"4363",0.415752438550758,19.2187765191139,0.993186647290968,0.326713420392885,0.56477629296406,-6.08412367357558,"4363",-0.0313650480913452,19.2187765191139,-0.118470993106358,0.90629979099995,0.928610308575241,-7.24902399567619,"4363",-0.51822507060773,19.2187765191139,-1.38410645105894,0.174159727607068,0.284488949417858,-5.77253226321443,"4363",-0.486860022516385,19.2187765191139,-1.16305481008987,0.251842017660723,0.49028545966142,-6.05276170905466
"6383",0.581945987336464,19.1410793776241,1.99055343314782,0.0535381756436483,0.134137295714243,-4.55000496176305,"6383",1.08431687259786,19.1410793776241,3.02831988442561,0.00433587722428024,0.0176288851050884,-2.81274388634271,"6383",0.535269900400909,19.1410793776241,1.15796112699597,0.253890005396948,0.486361480828765,-5.91108483088421,"6383",0.502370885261392,19.1410793776241,1.71836581423561,0.0936238998083928,0.143012311725397,-5.80384212757022,"6383",-0.0466760869355554,19.1410793776241,-0.112893933260358,0.910691103880247,0.940877778343697,-6.71107421325928,"6383",-0.549046972196948,19.1410793776241,-1.18776536887786,0.242076583411504,0.477749904396802,-6.02441066561586
"10486",-0.91287023472049,21.9311480805049,-2.31261299504947,0.0260841436252846,0.0788287244225462,-3.93269956888031,"10486",0.299390342416061,21.9311480805049,0.619278599886614,0.539317379498074,0.695327276754137,-6.80557194071869,"10486",-0.263611484795902,21.9311480805049,-0.422365306945131,0.675067277638399,0.832959946312844,-6.48448050254683,"10486",1.21226057713655,21.9311480805049,3.07107128422316,0.00386608340627401,0.00934807134012328,-2.94649810584919,"10486",0.649258749924588,21.9311480805049,1.16304556222617,0.251845725023156,0.373381597485943,-6.04556229754927,"10486",-0.563001827211963,21.9311480805049,-0.902056447749832,0.372539036736751,0.618627033719049,-6.31780070942976
"546",0.457547619150283,18.9732392586794,2.60370103589395,0.0129605619813934,0.047155432921536,-3.31566157512188,"546",-1.19064192873687,18.9732392586794,-5.53210429044781,2.27986557214091e-06,3.69995133105919e-05,4.46958203331305,"546",0.39892620222885,18.9732392586794,1.43574520400172,0.15901101804592,0.372423868834474,-5.56406131208206,"546",-1.64818954788715,18.9732392586794,-9.37911739362332,1.45441619100188e-11,3.23861279740535e-10,16.1745823140482,"546",-0.058621416921433,18.9732392586794,-0.235882721404482,0.814752387561302,0.868414186742056,-6.68941355301068,"546",1.58956813096572,18.9732392586794,5.72089476127911,1.24587859805058e-06,5.26292098955924e-05,5.2386995806785
"1027",-0.228256124553685,18.5957004459327,-0.610653382588184,0.544955377822946,0.682530770785443,-6.24867653995784,"1027",0.140436110792152,18.5957004459327,0.306764776934598,0.760646861984691,0.860389096692666,-6.95185731907502,"1027",2.78922700967764,18.5957004459327,4.71939345102146,2.99681171328437e-05,0.00111075376082701,2.25153349774675,"1027",0.368692235345836,18.5957004459327,0.986361969862418,0.330007815846476,0.412151065660436,-6.76584239190477,"1027",3.01748313423132,18.5957004459327,5.70823943230826,1.29742137681696e-06,4.16407028481197e-05,5.20318227983978,"1027",2.64879089888549,18.5957004459327,4.48177447656732,6.27703634166575e-05,0.00106376323843274,1.44489133614494
"4131",-0.874077531763973,23.1392782652853,-2.44429856378868,0.0191147265800245,0.062930718740539,-3.66013296660339,"4131",-0.861612701111515,23.1392782652853,-1.96730075474684,0.0562575109538575,0.136083958075752,-5.12331544113,"4131",2.57659838148722,23.1392782652853,4.55702090728158,4.97142132839352e-05,0.00147983500163838,1.76758273404114,"4131",0.0124648306524584,23.1392782652853,0.0348570539276833,0.972370707801852,0.978330948567713,-7.25556440768495,"4131",3.4506759132512,23.1392782652853,6.8232843514842,3.66481834875918e-08,2.59930634736068e-06,8.67603433120993,"4131",3.43821108259874,23.1392782652853,6.08088551930473,3.92962444448198e-07,2.03519384428672e-05,6.3615332365942
"273",-0.653100569526007,22.0239322769483,-1.04302342240331,0.303330564536321,0.458950248422745,-5.89801280842799,"273",-1.26402990853627,22.0239322769483,-1.64825999957415,0.107296573229447,0.222622095595661,-5.66414063283782,"273",0.334619103590722,22.0239322769483,0.337982898270298,0.737180397347726,0.870703409285092,-6.5166283730689,"273",-0.610929339010259,22.0239322769483,-0.975674558795036,0.335211560598186,0.418013982122114,-6.77628426190618,"273",0.987719673116729,22.0239322769483,1.11540530280017,0.271471519189005,0.394410094846765,-6.09863754792933,"273",1.59864901212699,22.0239322769483,1.61471960398441,0.114397109340587,0.291964190653786,-5.44942193573562
"7410",-0.0654425321911489,19.9278825876436,-0.199569359240757,0.84284954596097,0.902688018548293,-6.41425247297894,"7410",1.00543486138693,19.9278825876436,2.50346819037294,0.0165727969127306,0.0527191131027893,-4.04472992567099,"7410",0.739665517339105,19.9278825876436,1.4265898704828,0.161618647818682,0.374848256648497,-5.57657451002714,"7410",1.07087739357808,19.9278825876436,3.26567918609199,0.00227257347032568,0.00586256604715807,-2.44629146709036,"7410",0.805108049530254,19.9278825876436,1.73609281044227,0.0904062475634657,0.176955194244721,-5.25075113527443,"7410",-0.265769344047829,19.9278825876436,-0.512588251332081,0.611117200184955,0.805837289750372,-6.59249655143535
"5728",-0.0386500230162881,18.7924948298024,-0.157492371866915,0.875665666883772,0.92561163868395,-6.42175520746971,"5728",-0.312045322814075,18.7924948298024,-1.03820188870036,0.305541021106002,0.475828996002706,-6.45894502521677,"5728",1.42469235728293,18.7924948298024,3.67164646237337,0.000717781881348783,0.00996052393320956,-0.764840719722592,"5728",-0.273395299797787,18.7924948298024,-1.11404006678791,0.272049560642845,0.350746123405104,-6.63278162463089,"5728",1.46334238029922,18.7924948298024,4.21638946373898,0.000141725540372299,0.00147770096086907,0.668825080965594,"5728",1.736737680097,18.7924948298024,4.47583418736088,6.39340779316348e-05,0.00107712984667813,1.42722856481405
"390",0.199074323234171,17.4411786029466,0.71185197231173,0.48077378385806,0.627526736690752,-6.18254632358639,"390",-0.557147676076713,17.4411786029466,-1.62666880624718,0.111824598335522,0.229050706847523,-5.69777988757015,"390",0.437948547438658,17.4411786029466,0.990438538364809,0.328037304771538,0.566067508103524,-6.08679701035659,"390",-0.756221999310885,17.4411786029466,-2.70410625021565,0.0100804452211829,0.0215206829415443,-3.83671902399047,"390",0.238874224204487,17.4411786029466,0.603988592836981,0.549332643614322,0.660542902988401,-6.53400554699558,"390",0.995096223515372,17.4411786029466,2.2504507776429,0.0301072108927062,0.112681385393223,-4.31928022677584
"4088",-0.858693307907718,20.0133193730982,-2.93910186976138,0.00549459562935209,0.0258953666042886,-2.54299238361105,"4088",0.0924792500078553,20.0133193730982,0.258449222645607,0.797413112026277,0.883877740418862,-6.96571723989139,"4088",0.148729390074486,20.0133193730982,0.321961063552879,0.749193748759138,0.876784818174909,-6.5219314476479,"4088",0.951172557915573,20.0133193730982,3.25563622971173,0.00233658875067728,0.00600076100699195,-2.47254238322047,"4088",1.0074226979822,20.0133193730982,2.43822227481252,0.0193948697880949,0.0573218103527682,-3.9230919250765,"4088",0.0562501400666306,20.0133193730982,0.121767156523542,0.903705818927675,0.951748841382125,-6.71737570738126
"1601",-0.234524761940726,19.7911658024971,-1.00678808674185,0.320214148175594,0.477214371820604,-5.93414191580861,"1601",-0.00126066820909543,19.7911658024971,-0.00441880193744198,0.996496740169408,0.997680281553706,-6.99964923408758,"1601",-0.50897420653741,19.7911658024971,-1.3818952810894,0.17483258862965,0.392962919279084,-5.63662506305575,"1601",0.233264093731631,19.7911658024971,1.00137618173127,0.322789568460617,0.404543209163666,-6.75099041555621,"1601",-0.274449444596684,19.7911658024971,-0.833099209798054,0.409838678466782,0.533180074228184,-6.36984802022695,"1601",-0.507713538328314,19.7911658024971,-1.37847249182662,0.175878118329057,0.385362238672933,-5.78717927494939
"27032",-0.547922282754268,18.8052714709731,-2.28106539976439,0.0280613271861294,0.0830996252392867,-3.99631878982225,"27032",-0.514861482056883,18.8052714709731,-1.75010275066197,0.0879291206964507,0.192672960829882,-5.50031021179517,"27032",-0.875612461636287,18.8052714709731,-2.30547652178511,0.0265201331866161,0.116303942868023,-4.07024372352435,"27032",0.0330608006973847,18.8052714709731,0.13763603148283,0.891232976821403,0.917751111639893,-7.24652055505821,"27032",-0.327690178882019,18.8052714709731,-0.964644299117242,0.340639506353129,0.466501540881699,-6.25278875068819,"27032",-0.360750979579404,18.8052714709731,-0.949852760291995,0.348009654409609,0.594680388037836,-6.27402756175975
"5581",-0.143400984798252,19.9602596122144,-0.39663985674835,0.69378524063669,0.799718340180133,-6.35567906753437,"5581",0.146768170826029,19.9602596122144,0.331459499968635,0.742063865152143,0.847573356891869,-6.94386269128059,"5581",0.579829979850537,19.9602596122144,1.01431974815681,0.316653257957759,0.556034042587686,-6.06333070529835,"5581",0.29016915562428,19.9602596122144,0.802593179408956,0.42705166789157,0.510489353316078,-6.93018446964661,"5581",0.723230964648788,19.9602596122144,1.41451068629516,0.165110214528634,0.273044957532241,-5.73160354909622,"5581",0.433061809024508,19.9602596122144,0.757572323492655,0.453239433175156,0.68657814362408,-6.43687988733438
"857",-0.973592752565573,22.190066406239,-2.7110475589844,0.00990502107683646,0.0391095162106017,-3.07516658898468,"857",-0.373123008582056,22.190066406239,-0.848332694750522,0.401405861453889,0.571518382664831,-6.63699838746288,"857",-1.32229775617504,22.190066406239,-2.32872958491429,0.0251231180987923,0.112408343829877,-4.02270100578068,"857",0.600469743983517,22.190066406239,1.67205644185489,0.102481930556693,0.154286868723323,-5.87845473337915,"857",-0.348705003609464,22.190066406239,-0.686598713464511,0.496379307339979,0.613136770730634,-6.48069814548237,"857",-0.949174747592981,22.190066406239,-1.67161390515189,0.102569811116449,0.270428437294171,-5.36108476315271
"4853",0.0510038284586898,18.6183349008343,0.176438131505577,0.860858600088361,0.91687665137331,-6.41859548361303,"4853",0.452809173692629,18.6183349008343,1.27896677003996,0.208432117180777,0.362349488037507,-6.18478183230264,"4853",0.272323652894663,18.6183349008343,0.595806220508054,0.55473113941514,0.752234316257803,-6.39627247425139,"4853",0.401805345233939,18.6183349008343,1.38996986078113,0.172385212096384,0.238754349926163,-6.29400787645433,"4853",0.221319824435973,18.6183349008343,0.541371005989141,0.591317141073839,0.695702841586976,-6.56994720563849,"4853",-0.180485520797966,18.6183349008343,-0.394877179635435,0.695075071662653,0.849618358872754,-6.64620417384528
"7082",-0.12495476006389,20.9055398887416,-0.586657799916955,0.560798744924255,0.695776398650801,-6.26290246867749,"7082",1.00574238716762,20.9055398887416,3.85543307423833,0.000418805280812194,0.00266744605129275,-0.599983796213161,"7082",1.39752454807453,20.9055398887416,4.14974571482536,0.000173506259379496,0.00386354054315972,0.577000886005985,"7082",1.13069714723151,20.9055398887416,5.30857968458386,4.65381784629714e-06,2.33503786261809e-05,3.56020097465998,"7082",1.52247930813842,20.9055398887416,5.05438646240124,1.04361069353031e-05,0.000194997706729896,3.18092919952335,"7082",0.39178216090691,20.9055398887416,1.1633400970369,0.251727668815336,0.490228968591222,-6.0524375602936
"3778",-0.596929697925543,18.3331438812302,-1.81786553841918,0.07673692712482,0.175150435570954,-4.850116141234,"3778",0.239909078177,18.3331438812302,0.596540073165694,0.554245866395333,0.706851065783659,-6.81949960168369,"3778",0.38775204146437,18.3331438812302,0.746831554858555,0.459623618444334,0.68107755686425,-6.29548163808753,"3778",0.836838776102542,18.3331438812302,2.54847493360843,0.01485005592918,0.0299031094683278,-4.1910573003906,"3778",0.984681739389913,18.3331438812302,2.12040811170433,0.0403558195062827,0.0970059343362319,-4.56805976303164,"3778",0.147842963287371,18.3331438812302,0.284753601115338,0.777332647855476,0.889242545187118,-6.68392303571434
"2202",0.0471760305252147,21.0593860229646,0.0832364681432294,0.934087332074484,0.962916153376621,-6.43068574457798,"2202",0.127149645512173,21.0593860229646,0.183173132520106,0.855606783854638,0.919939150457294,-6.98260246112048,"2202",-0.0776464615489587,21.0593860229646,-0.0866450812182723,0.931394928163657,0.969001395010712,-6.57022248314092,"2202",0.0799736149869581,21.0593860229646,0.141103886487502,0.888510867700015,0.91609743986658,-7.24602757028604,"2202",-0.124822492074173,21.0593860229646,-0.155729216826119,0.877046049648521,0.914617817250091,-6.7052614833269,"2202",-0.204796107061131,21.0593860229646,-0.228530379562875,0.820422541852123,0.909993152851318,-6.69848634423112
"1739",-0.304452830085292,19.6859412409924,-1.17572292880284,0.246800572516016,0.395831739001817,-5.75546756942256,"1739",0.633272796450289,19.6859412409924,1.99677980313735,0.0528296521212445,0.130092735292134,-5.06934445329911,"1739",1.1059499781874,19.6859412409924,2.70116088674682,0.0101557464134309,0.0636926994199989,-3.21446893174079,"1739",0.937725626535581,19.6859412409924,3.62126875199362,0.000830576458867433,0.00245708638320978,-1.48884559610935,"1739",1.4104028082727,19.6859412409924,3.85135133621774,0.000423889914070749,0.00329167929996429,-0.376234973859277,"1739",0.472677181737115,19.6859412409924,1.15446190202796,0.255303878316358,0.493347050429693,-6.06249038951698
"9112",1.03269530496627,20.6286182533529,4.96994816531194,1.36305870903401e-05,0.000439931027157324,3.06924166397353,"9112",-0.705873137994814,20.6286182533529,-2.77370763695777,0.00844458596938716,0.0305312437974382,-3.42996425012647,"9112",0.984414384414187,20.6286182533529,2.99631593115017,0.00472219689834149,0.0371122040779368,-2.5168072082483,"9112",-1.73856844296109,20.6286182533529,-8.36703236841565,2.97654411682465e-10,4.53587425760149e-09,13.1596387505387,"9112",-0.048280920552088,20.6286182533529,-0.164300997779036,0.870338885451893,0.909108526712931,-6.70387594978907,"9112",1.690287522409,20.6286182533529,5.14482062818732,7.83451614270831e-06,0.000215355479616551,3.45393499588569
"2274",-0.199822066456278,19.6277293528996,-0.598857523602722,0.552714829289307,0.689693026556705,-6.25573971855529,"2274",-1.27786418357167,19.6277293528996,-3.12693700732808,0.00332426469166212,0.0143917864759599,-2.56462894079769,"2274",-0.702652910252894,19.6277293528996,-1.33183648867824,0.190610162642182,0.415896461974682,-5.70182486249597,"2274",-1.07804211711539,19.6277293528996,-3.23084253928691,0.00250204706770047,0.00636894183790593,-2.53715123058905,"2274",-0.502830843796616,19.6277293528996,-1.06558224589552,0.293135218497756,0.417105746847057,-6.1519152946018,"2274",0.575211273318775,19.6277293528996,1.09027850212602,0.282250558802539,0.523627773917177,-6.13302019255415
"4052",0.0413350153008665,18.8116839033872,0.154245165708686,0.878208221876374,0.927170499234743,-6.42226082444883,"4052",-0.785143859912623,18.8116839033872,-2.39219769668561,0.0216406612520112,0.0649559032877765,-4.28471373926152,"4052",-0.515456290634976,18.8116839033872,-1.21650892216816,0.231068949249676,0.462218354261625,-5.84363854313852,"4052",-0.826478875213489,18.8116839033872,-3.08407702607916,0.00373296815901361,0.00907955210564488,-2.91364163662652,"4052",-0.556791305935842,18.8116839033872,-1.46916612523936,0.149771914218246,0.255171900113826,-5.65601910267942,"4052",0.269687569277647,18.8116839033872,0.63647944585166,0.528165108019645,0.748064805099103,-6.52114822544445
"1432",-0.483270206462826,20.3074504351827,-2.01595676941159,0.0506983285001116,0.128762996124289,-4.50398109920977,"1432",0.251859806382519,20.3074504351827,0.85783631745499,0.396200129017806,0.567057733235499,-6.62890348787495,"1432",-0.245166977856936,20.3074504351827,-0.646819586275144,0.521520206017497,0.727365724338699,-6.36470681443717,"1432",0.735130012845346,20.3074504351827,3.06658739970804,0.00391300530252834,0.00944943903447891,-2.95780615281852,"1432",0.23810322860589,20.3074504351827,0.702330420185106,0.486624928444776,0.605114873063452,-6.46979106695889,"1432",-0.497026784239456,20.3074504351827,-1.31129674053016,0.19739054414732,0.415844765722902,-5.874429925615
"8476",-0.149599368080178,18.5235799530691,-0.665581402199936,0.509578294329958,0.652446467779275,-6.21400998946054,"8476",0.268320587424707,18.5235799530691,0.974719794590131,0.335679096499999,0.506693749183524,-6.52228086197128,"8476",0.798814851459987,18.5235799530691,2.24774761518792,0.0302941009442048,0.126851027641732,-4.1867076160315,"8476",0.417919955504885,18.5235799530691,1.85936447166806,0.0704967993895795,0.112003349693898,-5.56599560693226,"8476",0.948414219540165,18.5235799530691,2.98369535483884,0.0048832544541666,0.0213893885715949,-2.66941766090703,"8476",0.53049426403528,18.5235799530691,1.49273290885466,0.143516491470533,0.339022304069988,-5.62975336894346
"25836",0.432014046590954,18.7783338818131,1.74377192956307,0.0890413585044309,0.194799163978658,-4.97188236524047,"25836",-1.37034118051922,18.7783338818131,-4.51621796539862,5.64217966769965e-05,0.000511266911528935,1.33477476923022,"25836",0.112852941387693,18.7783338818131,0.288094318172798,0.774793086438894,0.888637708443092,-6.53229782772411,"25836",-1.80235522711017,18.7783338818131,-7.27498672077159,8.77378004248848e-09,8.22273512954263e-08,9.78412588497441,"25836",-0.319161105203261,18.7783338818131,-0.910933716553881,0.367900835131143,0.493714155063867,-6.30256820998277,"25836",1.48319412190691,18.7783338818131,3.78634171173912,0.000513404353119293,0.00539215358075016,-0.563963522466502
"9863",-0.727950413381237,19.5515334174211,-2.3261222070818,0.0252764047396141,0.0767208326082641,-3.90525546627061,"9863",0.214205212118031,19.5515334174211,0.558875581765144,0.579427131079309,0.727926715077767,-6.84144338707076,"9863",0.363165783465561,19.5515334174211,0.73394860573555,0.467349642094761,0.686154790144238,-6.30494167137183,"9863",0.942155625499268,19.5515334174211,3.01060220959465,0.00454591084311254,0.010782930550653,-3.0981406460757,"9863",1.0911161968468,19.5515334174211,2.4653962737041,0.0181703208166222,0.0547758002039098,-3.86483234577732,"9863",0.14896057134753,19.5515334174211,0.301045441579873,0.764971714094698,0.883546943601536,-6.67910921429515
"23345",0.70399931327719,20.036462759578,2.28590143917266,0.0277497817922107,0.0825168200808749,-3.98660930152564,"23345",1.21582408272105,20.036462759578,3.22337161762574,0.00255404679742656,0.0115992085780361,-2.31744585740826,"23345",1.53057949754385,20.036462759578,3.14319375388084,0.00318061088690668,0.0281984715204921,-2.15289299664126,"23345",0.511824769443862,20.036462759578,1.66190641810367,0.104513272203092,0.156728986898137,-5.89457263737547,"23345",0.826580184266657,20.036462759578,1.89782104130207,0.0651053051349686,0.138605677856865,-4.97717063894694,"23345",0.314755414822795,20.036462759578,0.646380835140409,0.521801251187186,0.742997224506965,-6.51479477965222
"140609",-1.39971021837355,21.2187183076643,-3.51908963335928,0.00111400614046589,0.00835504605349418,-1.07611609759964,"140609",0.326791825844833,21.2187183076643,0.670838147406862,0.506259224213148,0.667418259616117,-6.77210127843055,"140609",0.385706822383831,21.2187183076643,0.613309246032654,0.543216099373579,0.744105028827184,-6.38572842026893,"140609",1.72650204421838,21.2187183076643,4.34069521392967,9.69385791881628e-05,0.000363757111323315,0.585051688675173,"140609",1.78541704075738,21.2187183076643,3.17407272603071,0.00292377447525971,0.0146956118638382,-2.19406627035405,"140609",0.0589149965389986,21.2187183076643,0.0936802514511715,0.92584058330773,0.963602790186836,-6.72043377974051
"1902",-0.190314591828248,20.3199838286847,-0.51371604738834,0.61033565108616,0.734782916102749,-6.30270155828286,"1902",0.370282410202861,20.3199838286847,0.816090828078694,0.419382239030989,0.588041804343166,-6.66381277347601,"1902",-0.0441118336053599,20.3199838286847,-0.0753071393707935,0.940353546573862,0.972516854197451,-6.57114587092188,"1902",0.560597002031109,20.3199838286847,1.51321910366743,0.138249463022122,0.199208217973939,-6.12080781496489,"1902",0.146202758222888,20.3199838286847,0.279056159300572,0.78166944716369,0.844114844728459,-6.67819684573182,"1902",-0.414394243808221,20.3199838286847,-0.707448376599073,0.48347490462851,0.710555980325093,-6.47349211718132
"10240",0.332921265114368,20.0008569476161,1.48491308394878,0.145568660173227,0.276842696856438,-5.36274771863431,"10240",-0.31148956212461,20.0008569476161,-1.13437687966229,0.263529285888319,0.429496665937133,-6.35581642828437,"10240",-0.150233951132655,20.0008569476161,-0.423796711657302,0.674031750251837,0.832397335596906,-6.48387413504797,"10240",-0.644410827238978,20.0008569476161,-2.87423534954036,0.00651290943253069,0.0146538970732036,-3.43312687400428,"10240",-0.483155216247024,20.0008569476161,-1.52381123908611,0.135587506731151,0.237195562171273,-5.5778932395863,"10240",0.161255610991955,20.0008569476161,0.454887840993652,0.651700488935025,0.826168869646099,-6.62054587847722
"10611",-0.757203966738921,21.0516528384988,-2.35124442544046,0.0238338575456731,0.0738541055015599,-3.85390117264376,"10611",0.760739257889753,21.0516528384988,1.92874626253033,0.0610296300059415,0.145483495595076,-5.19290806159769,"10611",1.09073183407232,21.0516528384988,2.14206617189265,0.0384600677215488,0.148390254573739,-4.39399615388946,"10611",1.51794322462867,21.0516528384988,4.71346651869017,3.05289638247085e-05,0.000126360876925757,1.71254322481037,"10611",1.84793580081124,21.0516528384988,4.05748366378338,0.000229222222732288,0.00209694533375317,0.209253377896606,"10611",0.329992576182566,21.0516528384988,0.648065741124701,0.52072241403405,0.742291440130863,-6.51370406574998
"91746",0.547856737753758,20.5454702899957,3.48791047835254,0.00121759683349927,0.00896806898519657,-1.15860807725453,"91746",-0.982785084437765,20.5454702899957,-5.10870999239027,8.78562449707511e-06,0.00011342339940606,3.14753197187115,"91746",0.126528941841379,20.5454702899957,0.509469505521583,0.613280848177593,0.793963966521478,-6.443887725217,"91746",-1.53064182219152,20.5454702899957,-9.74477684095949,5.04117701651442e-12,1.30457486305745e-10,17.2328755344775,"91746",-0.421327795912379,20.5454702899957,-1.89672092800996,0.0652544875501915,0.138744274972557,-4.97910036659581,"91746",1.10931402627914,20.5454702899957,4.46665924974777,6.57732316550606e-05,0.00109526729234297,1.39996218046516
"11343",-1.09178857092066,21.1561552002361,-2.76926036318346,0.00854125794898489,0.0353781736964082,-2.94200655196419,"11343",0.570577842632016,21.1561552002361,1.18166539922619,0.244461149820209,0.407408719878068,-6.30197475205119,"11343",0.489732905057334,21.1561552002361,0.785623610172347,0.436813395386242,0.663918202776793,-6.2660319881458,"11343",1.66236641355267,21.1561552002361,4.21649900058663,0.00014167830911386,0.000513204215548,0.216307749223014,"11343",1.58152147597799,21.1561552002361,2.83651668021522,0.00718348533212737,0.0282471753819793,-3.02427932196091,"11343",-0.0808449375746818,21.1561552002361,-0.12969047222617,0.897474850176298,0.948141414906736,-6.71636893989951
"27109",0.225896219889727,20.8004336865181,0.769974659242428,0.445932697870753,0.599263566603433,-6.14011015201554,"27109",1.23579774551919,20.8004336865181,3.43929349087948,0.00139776641374128,0.00713158796353786,-1.74869791654588,"27109",1.42612306642448,20.8004336865181,3.07435821413528,0.00383202475128046,0.0321386601403011,-2.32475114615925,"27109",1.00990152562946,20.8004336865181,3.44228240492269,0.00138599019629033,0.00383735598924719,-1.97736223667757,"27109",1.20022684653475,20.8004336865181,2.89278267410355,0.00620504502209403,0.0254393179986789,-2.88997306151782,"27109",0.190325320905288,20.8004336865181,0.410292931556122,0.683826109358339,0.842450164585873,-6.6399557747975
"54468",0.0989463395630388,19.0644367342495,0.511796887372808,0.611665880798103,0.736074672221429,-6.30367850942339,"54468",0.519405402662979,19.0644367342495,2.19360658401711,0.0342615498957571,0.0930205646218251,-4.69255775908358,"54468",0.695180543671963,19.0644367342495,2.27418354208379,0.0285100646678733,0.121958541710299,-4.13365417505015,"54468",0.420459063099941,19.0644367342495,2.17481152625297,0.035743048118389,0.0630662811548357,-4.97833849876816,"54468",0.596234204108924,19.0644367342495,2.18071944705382,0.0352713602306337,0.088466293561059,-4.45099551931317,"54468",0.175775141008984,19.0644367342495,0.575023188477953,0.568563203377616,0.775573581551234,-6.55843111272972
"10516",0.761782753867752,22.2182866731046,1.26503707762998,0.213330412705113,0.357208749924474,-5.6506089771645,"10516",-0.43942974932397,22.2182866731046,-0.595821189249623,0.554721238915201,0.707118121665227,-6.8199315894738,"10516",2.1978764438302,22.2182866731046,2.30836982386038,0.0263425903168529,0.11562610881333,-4.06434774930622,"10516",-1.20121250319172,22.2182866731046,-1.99476602342989,0.0530579126863316,0.0879958742445078,-5.32290374751214,"10516",1.43609368996245,22.2182866731046,1.68631962563595,0.0996826506602623,0.190369213296741,-5.33077098937503,"10516",2.63730619315417,22.2182866731046,2.76989093251664,0.00852748880799891,0.0454035432826263,-3.18760784618594
"120",-0.807429225812733,23.1930006948028,-1.9979603660668,0.052696232764934,0.132664266973946,-4.53663442727205,"120",2.29474543491446,23.1930006948028,4.63629742390424,3.88476115340293e-05,0.000372586858535891,1.69743321542472,"120",3.52516597196182,23.1930006948028,5.51686006956825,2.39374030767129e-06,0.000176308180353481,4.67828642637557,"120",3.1021746607272,23.1930006948028,7.67624185823955,2.4971775084039e-09,2.76955304744796e-08,11.0369277011546,"120",4.33259519777455,23.1930006948028,7.5808083923422,3.36269995428635e-09,4.39061619031252e-07,11.0040208443146,"120",1.23042053704735,23.1930006948028,1.92559952739916,0.0614340646603522,0.188838256540248,-4.93509481970146
"22828",0.480462095587775,18.0670209278035,2.40382808075271,0.0210519675365737,0.0672656026126897,-3.74508559438486,"22828",-0.504596885374355,18.0670209278035,-2.06130951969581,0.0459532421687963,0.116711483757619,-4.94893342782465,"22828",0.47485070780769,18.0670209278035,1.50255839167416,0.140970721575635,0.345674782321723,-5.4705768589983,"22828",-0.98505898096213,18.0670209278035,-4.92840634335081,1.55402525054504e-05,6.87288303647517e-05,2.3743099722867,"22828",-0.00561138778008541,18.0670209278035,-0.0198517847337952,0.98426236141138,0.988564207396569,-6.71731543180113,"22828",0.979447593182044,18.0670209278035,3.0992418799063,0.00358321777257308,0.0234995275153337,-2.38934742097164
"10000",-0.268030478817227,20.4277730804605,-1.11903590067472,0.269938575621403,0.42325248824917,-5.81831533050046,"10000",-0.931427910462201,20.4277730804605,-3.17514421336231,0.00291522508918476,0.0129128513009764,-2.44161370324303,"10000",0.0424239185201039,20.4277730804605,0.112021301248436,0.911378464353273,0.958738029939362,-6.56768749770053,"10000",-0.663397431644974,20.4277730804605,-2.76970569056945,0.00853153162057968,0.0185657761970569,-3.68304925340763,"10000",0.310454397337331,20.4277730804605,0.916521496018032,0.365000563572372,0.490624295209003,-6.29751649182866,"10000",0.973851828982305,20.4277730804605,2.57147743328025,0.0140343299848245,0.0658719164728897,-3.63960500292845
"22884",-0.873108042995661,20.3568513404079,-2.85247405204097,0.00689229307789082,0.0303652022488365,-2.74842510637805,"22884",-0.312362088091813,20.3568513404079,-0.833232884198839,0.409764207401974,0.580112215752672,-6.64968115023992,"22884",0.180926800255488,20.3568513404079,0.3738407263771,0.710538238845592,0.855594672430921,-6.50383274712375,"22884",0.560745954903847,20.3568513404079,1.83197635044362,0.0745645360726685,0.117234061230838,-5.61343544667194,"22884",1.05403484325115,20.3568513404079,2.43497038382538,0.0195463215335231,0.0576455940503543,-3.9300321761346,"22884",0.493288888347301,20.3568513404079,1.01926014318,0.314332199833097,0.558973746916549,-6.20663173055911
